Time,Dissipation Rate Incompressible,Dissipation Rate Compressible,Ekin incomp,Ekin comp,Enstrophy comp,DR_u,DR_S,DR_Sd,DR_p,Maximum Vorticity,Mean Temperature,uprime,Mean Entropy,ED_S,ED_D
0.30680202780733E-00001, 0.46874217204693E-00003, 0.46818072673321E-00003, 0.12498562825467E+00000, 0.12498562368589E+00000, 0.37499363113570E+00000, 0.46874210037555E-00003, 0.46874217204693E-00003, 0.46874212426601E-00003, -.56139753279656E-00006, 0.19994148157897E+00001, 0.10000001005768E+00001, 0.28865853905571E+00000, -.10671740769221E+00002, 0.46874202870420E-00003, 0.95561836852998E-00010
0.61360766281235E-00001, 0.46882740987295E-00003, 0.46702074948303E-00003, 0.12497134435591E+00000, 0.12497128060113E+00000, 0.37506103168755E+00000, 0.46882677177057E-00003, 0.46882740987295E-00003, 0.46882698447137E-00003, -.18062349883340E-00005, 0.19978908331395E+00001, 0.10000001816208E+00001, 0.28864204401059E+00000, -.10671740971710E+00002, 0.46882613366826E-00003, 0.85080311154427E-00009
0.92041771373854E-00001, 0.46900496494180E-00003, 0.46831406566563E-00003, 0.12495718749119E+00000, 0.12495693809374E+00000, 0.37520263929464E+00000, 0.46900381735804E-00003, 0.46900496494180E-00003, 0.46900419988595E-00003, -.69013422031714E-00006, 0.19954334656308E+00001, 0.10000002635324E+00001, 0.28862569473419E+00000, -.10671741174259E+00002, 0.46900266977431E-00003, 0.15301116631676E-00008
0.12272289495142E+00000, 0.46927320344905E-00003, 0.46895645031892E-00003, 0.12494309089663E+00000, 0.12494255045009E+00000, 0.37541853637922E+00000, 0.46927248797365E-00003, 0.46927320344905E-00003, 0.46927272646545E-00003, -.31627614653404E-00006, 0.19920502692230E+00001, 0.10000003460462E+00001, 0.28860941414147E+00000, -.10671741376905E+00002, 0.46927177249821E-00003, 0.95396723985808E-00009
0.15340393591453E+00000, 0.46963351279250E-00003, 0.46560079703727E-00003, 0.12492900802304E+00000, 0.12492820618983E+00000, 0.37570833759483E+00000, 0.46963338082912E-00003, 0.46963351279250E-00003, 0.46963342481689E-00003, -.40326277796265E-00005, 0.19877488812475E+00001, 0.10000004286990E+00001, 0.28859314847843E+00000, -.10671741579686E+00002, 0.46963324886570E-00003, 0.17595117887349E-00009
0.18408488975633E+00000, 0.47008708949959E-00003, 0.46151897335754E-00003, 0.12491490213027E+00000, 0.12491398642493E+00000, 0.37607185282992E+00000, 0.47008705080747E-00003, 0.47008708949959E-00003, 0.47008706370485E-00003, -.85680903473081E-00005, 0.19825340855594E+00001, 0.10000005114954E+00001, 0.28857685530925E+00000, -.10671741782646E+00002, 0.47008701211536E-00003, 0.51589484138293E-00010
0.21476593244714E+00000, 0.47063386404360E-00003, 0.45821662897566E-00003, 0.12490081279505E+00000, 0.12489987770814E+00000, 0.37650984646085E+00000, 0.47063375609402E-00003, 0.47063386404360E-00003, 0.47063379207720E-00003, -.12417163101533E-00004, 0.19764098895745E+00001, 0.10000005953145E+00001, 0.28856058034671E+00000, -.10671741985824E+00002, 0.47063364814447E-00003, 0.14393273152514E-00009
0.24544749447656E+00000, 0.47127533045165E-00003, 0.45584281648109E-00003, 0.12488693211332E+00000, 0.12488586192193E+00000, 0.37702377559388E+00000, 0.47127483431950E-00003, 0.47127533045165E-00003, 0.47127499969690E-00003, -.15432183215814E-00004, 0.19693894738139E+00001, 0.10000006813818E+00001, 0.28854454550765E+00000, -.10671742189264E+00002, 0.47127433818740E-00003, 0.66150949786614E-00009
0.27612974100978E+00000, 0.47201209014000E-00003, 0.45809044672397E-00003, 0.12487334087063E+00000, 0.12487185574933E+00000, 0.37761446303583E+00000, 0.47201104749546E-00003, 0.47201209014000E-00003, 0.47201139504364E-00003, -.13920948319674E-00004, 0.19615005709417E+00001, 0.10000007696611E+00001, 0.28852884416251E+00000, -.10671742393010E+00002, 0.47201000485094E-00003, 0.13901926847038E-00008
0.30681259545140E+00000, 0.47284232132120E-00003, 0.46345065972979E-00003, 0.12485983196135E+00000, 0.12485771707910E+00000, 0.37828123677264E+00000, 0.47284148340843E-00003, 0.47284232132120E-00003, 0.47284176271271E-00003, -.93911029829175E-00005, 0.19527711869234E+00001, 0.10000008583158E+00001, 0.28851323708668E+00000, -.10671742597097E+00002, 0.47284064549572E-00003, 0.11172169708824E-00008
0.33749593130931E+00000, 0.47376635806716E-00003, 0.46604539184440E-00003, 0.12484616354035E+00000, 0.12484344694601E+00000, 0.37902286081084E+00000, 0.47376607360339E-00003, 0.47376635806716E-00003, 0.47376616842467E-00003, -.77207765802744E-00005, 0.19432076231619E+00001, 0.10000009453483E+00001, 0.28849744486488E+00000, -.10671742801567E+00002, 0.47376578913960E-00003, 0.37928503778429E-00009
0.36817976303519E+00000, 0.47478586239094E-00003, 0.46563561045727E-00003, 0.12483225750889E+00000, 0.12482914771332E+00000, 0.37983944500306E+00000, 0.47478577349777E-00003, 0.47478586239094E-00003, 0.47478580312883E-00003, -.91501926715600E-00005, 0.19327987571273E+00001, 0.10000010304369E+00001, 0.28848137722551E+00000, -.10671743006465E+00002, 0.47478568460454E-00003, 0.11852427183227E-00009
0.39886433661464E+00000, 0.47590195449287E-00003, 0.46292183735615E-00003, 0.12481824440984E+00000, 0.12481489505136E+00000, 0.38073309237338E+00000, 0.47590189576634E-00003, 0.47590195449287E-00003, 0.47590191534186E-00003, -.12980077985705E-00004, 0.19215522349202E+00001, 0.10000011155002E+00001, 0.28846518497020E+00000, -.10671743211835E+00002, 0.47590183703982E-00003, 0.78302036081999E-00010
0.42954966119511E+00000, 0.47711698611383E-00003, 0.45900479623853E-00003, 0.12480441030033E+00000, 0.12480075273378E+00000, 0.38170638669818E+00000, 0.47711660771900E-00003, 0.47711698611383E-00003, 0.47711673385058E-00003, -.18111937612047E-00004, 0.19095162931719E+00001, 0.10000012034650E+00001, 0.28844919864721E+00000, -.10671743417722E+00002, 0.47711622932416E-00003, 0.50452644435679E-00009
0.46023577766418E+00000, 0.47843211036651E-00003, 0.45874582689865E-00003, 0.12479089158070E+00000, 0.12478668615164E+00000, 0.38276043220451E+00000, 0.47843114691655E-00003, 0.47843211036651E-00003, 0.47843146806652E-00003, -.19685641167874E-00004, 0.18967497029491E+00001, 0.10000012955143E+00001, 0.28843357592428E+00000, -.10671743624164E+00002, 0.47843018346659E-00003, 0.12845999487289E-00008
0.49092267032388E+00000, 0.47984609639406E-00003, 0.46295322810376E-00003, 0.12477752013055E+00000, 0.12477254948142E+00000, 0.38389461135230E+00000, 0.47984510356123E-00003, 0.47984609639406E-00003, 0.47984543450551E-00003, -.16892206401743E-00004, 0.18832771277659E+00001, 0.10000013895788E+00001, 0.28841812255884E+00000, -.10671743831201E+00002, 0.47984411072843E-00003, 0.13237770554982E-00008
0.50000000000000E+00000, 0.48028362563780E-00003, 0.46423591859635E-00003, 0.12477355603466E+00000, 0.12476834111572E+00000, 0.38424563226921E+00000, 0.48028277565318E-00003, 0.48028362563780E-00003, 0.48028305898136E-00003, -.16047140385011E-00004, 0.18791520203321E+00001, 0.10000014172546E+00001, 0.28841354109988E+00000, -.10671743892564E+00002, 0.48028192566859E-00003, 0.11333128034482E-00008
0.52148113945576E+00000, 0.48135253271971E-00003, 0.46603585153923E-00003, 0.12476412478349E+00000, 0.12475834585920E+00000, 0.38510290672566E+00000, 0.48135211046749E-00003, 0.48135253271971E-00003, 0.48135225121820E-00003, -.15316399678968E-00004, 0.18691522757273E+00001, 0.10000014818081E+00001, 0.28840264074552E+00000, -.10671744038002E+00002, 0.48135168821524E-00003, 0.56300299540053E-00009
0.55216867467420E+00000, 0.48296663678573E-00003, 0.46547722871499E-00003, 0.12475051357391E+00000, 0.12474404554117E+00000, 0.38639615801579E+00000, 0.48296655801040E-00003, 0.48296663678573E-00003, 0.48296658426884E-00003, -.17489355553848E-00004, 0.18542566773011E+00001, 0.10000015715598E+00001, 0.28838690859551E+00000, -.10671744246357E+00002, 0.48296647923504E-00003, 0.10503381323812E-00009
0.58285650273924E+00000, 0.48468395912623E-00003, 0.46294911990907E-00003, 0.12473678518970E+00000, 0.12472979641600E+00000, 0.38777146950153E+00000, 0.48468389053446E-00003, 0.48468395912623E-00003, 0.48468391339835E-00003, -.21734793489286E-00004, 0.18386780590995E+00001, 0.10000016606214E+00001, 0.28837104014296E+00000, -.10671744455442E+00002, 0.48468382194267E-00003, 0.91455689026882E-00010
0.61354422208854E+00000, 0.48650601848606E-00003, 0.46018249921169E-00003, 0.12472308035199E+00000, 0.12471563622313E+00000, 0.38923099465012E+00000, 0.48650567534878E-00003, 0.48650601848606E-00003, 0.48650578972784E-00003, -.26323290516143E-00004, 0.18224628821923E+00001, 0.10000017528606E+00001, 0.28835519803649E+00000, -.10671744665304E+00002, 0.48650533221149E-00003, 0.45751637792898E-00009
0.64423197087068E+00000, 0.48843440485478E-00003, 0.46220006571382E-00003, 0.12470950707916E+00000, 0.12470150232471E+00000, 0.39077597929380E+00000, 0.48843344467443E-00003, 0.48843440485478E-00003, 0.48843376473450E-00003, -.26233699020682E-00004, 0.18056572635909E+00001, 0.10000018497704E+00001, 0.28833950715451E+00000, -.10671744875982E+00002, 0.48843248449408E-00003, 0.12802404620759E-00008
0.67491994833423E+00000, 0.49046857236840E-00003, 0.47040539692726E-00003, 0.12469597152220E+00000, 0.12468720087912E+00000, 0.39240660812957E+00000, 0.49046755294356E-00003, 0.49046857236840E-00003, 0.49046789275184E-00003, -.20062495824579E-00004, 0.17882970168891E+00001, 0.10000019485261E+00001, 0.28832385902223E+00000, -.10671745087519E+00002, 0.49046653351873E-00003, 0.13592331164558E-00008
0.70560811057611E+00000, 0.49260950327928E-00003, 0.47774805647444E-00003, 0.12468232661719E+00000, 0.12467264132642E+00000, 0.39412274777920E+00000, 0.49260904912083E-00003, 0.49260950327928E-00003, 0.49260920050699E-00003, -.14861144032556E-00004, 0.17703970185060E+00001, 0.10000020448643E+00001, 0.28830808361565E+00000, -.10671745299962E+00002, 0.49260859496238E-00003, 0.60554461480770E-00009
0.73629634747520E+00000, 0.49486020037224E-00003, 0.48017900420076E-00003, 0.12466852468819E+00000, 0.12465793023204E+00000, 0.39592510953573E+00000, 0.49486005838534E-00003, 0.49486020037224E-00003, 0.49486010571432E-00003, -.14681101513563E-00004, 0.17519574056207E+00001, 0.10000021373983E+00001, 0.28829212578932E+00000, -.10671745513366E+00002, 0.49485991639851E-00003, 0.18931582174663E-00009
0.76698469481330E+00000, 0.49722241467214E-00003, 0.47795291654348E-00003, 0.12465461742541E+00000, 0.12464321704173E+00000, 0.39781589335438E+00000, 0.49722230300714E-00003, 0.49722241467214E-00003, 0.49722234022879E-00003, -.19269423685308E-00004, 0.17329980117438E+00001, 0.10000022289277E+00001, 0.28827604528230E+00000, -.10671745727780E+00002, 0.49722219134215E-00003, 0.14888664899072E-00009
0.79767320801230E+00000, 0.49969815517383E-00003, 0.47254322354168E-00003, 0.12464077076450E+00000, 0.12462862980739E+00000, 0.39979804650381E+00000, 0.49969782061082E-00003, 0.49969815517383E-00003, 0.49969793213185E-00003, -.27154708590167E-00004, 0.17135778154758E+00001, 0.10000023239921E+00001, 0.28826003395604E+00000, -.10671745943256E+00002, 0.49969748604782E-00003, 0.44608399410995E-00009
0.82836112406059E+00000, 0.50228944966780E-00003, 0.46989891055103E-00003, 0.12462708919356E+00000, 0.12461418542573E+00000, 0.40187352894084E+00000, 0.50228854834892E-00003, 0.50228944966780E-00003, 0.50228884878858E-00003, -.32389938237542E-00004, 0.16937612312700E+00001, 0.10000024247229E+00001, 0.28824421265489E+00000, -.10671746159833E+00002, 0.50228764703006E-00003, 0.12017585084382E-00008
0.85904848612095E+00000, 0.50499617669997E-00003, 0.47436559967941E-00003, 0.12461341020434E+00000, 0.12459971293465E+00000, 0.40404252538689E+00000, 0.50499510650720E-00003, 0.50499617669997E-00003, 0.50499546323818E-00003, -.30629863558767E-00004, 0.16735708058312E+00001, 0.10000025287925E+00001, 0.28822839347103E+00000, -.10671746377556E+00002, 0.50499403631447E-00003, 0.14269236894934E-00008
0.88973487025049E+00000, 0.50781884147133E-00003, 0.48197363792663E-00003, 0.12459950004847E+00000, 0.12458504034999E+00000, 0.40630440171370E+00000, 0.50781828297854E-00003, 0.50781884147133E-00003, 0.50781846914282E-00003, -.25844831216188E-00004, 0.16529954035618E+00001, 0.10000026316311E+00001, 0.28821230606212E+00000, -.10671746596474E+00002, 0.50781772448572E-00003, 0.74465707100594E-00009
0.92041994456754E+00000, 0.51076073708079E-00003, 0.48918894855255E-00003, 0.12458533089087E+00000, 0.12457013874922E+00000, 0.40865976705438E+00000, 0.51076050121648E-00003, 0.51076073708079E-00003, 0.51076057983790E-00003, -.21571631285346E-00004, 0.16320433466704E+00001, 0.10000027304684E+00001, 0.28819591818862E+00000, -.10671746816639E+00002, 0.51076026535216E-00003, 0.31448573281184E-00009
0.95110361400089E+00000, 0.51382433195133E-00003, 0.49473026675522E-00003, 0.12457104920686E+00000, 0.12455503456825E+00000, 0.41111137501095E+00000, 0.51382417774559E-00003, 0.51382433195133E-00003, 0.51382422914750E-00003, -.19093962392272E-00004, 0.16107708969404E+00001, 0.10000028265046E+00001, 0.28817939922539E+00000, -.10671747038108E+00002, 0.51382402353988E-00003, 0.20560762817905E-00009
0.98178597411877E+00000, 0.51701211599114E-00003, 0.49515794774931E-00003, 0.12455686511646E+00000, 0.12453983432965E+00000, 0.41366284208428E+00000, 0.51701186741335E-00003, 0.51701211599114E-00003, 0.51701195027258E-00003, -.21854002523271E-00004, 0.15892461114029E+00001, 0.10000029240604E+00001, 0.28816299220691E+00000, -.10671747260939E+00002, 0.51701161883550E-00003, 0.33143709655445E-00009
0.10000000000000E+00001, 0.51896534551704E-00003, 0.49377019663833E-00003, 0.12454852642207E+00000, 0.12453082798170E+00000, 0.41522646210036E+00000, 0.51896478765560E-00003, 0.51896534551704E-00003, 0.51896497360937E-00003, -.25194776971045E-00004, 0.15763559233607E+00001, 0.10000029843810E+00001, 0.28815334623781E+00000, -.10671747393887E+00002, 0.51896422979412E-00003, 0.74381527584262E-00009
0.10124642129097E+00001, 0.52032634692578E-00003, 0.49313898226964E-00003, 0.12454282993778E+00000, 0.12452467806458E+00000, 0.41631613108187E+00000, 0.52032552389180E-00003, 0.52032634692578E-00003, 0.52032579823642E-00003, -.27186815966775E-00004, 0.15674977925161E+00001, 0.10000030268548E+00001, 0.28814675651801E+00000, -.10671747485161E+00002, 0.52032470085783E-00003, 0.10973786140307E-00008
0.10431438804271E+00001, 0.52376728499782E-00003, 0.49493557190627E-00003, 0.12452866450450E+00000, 0.12450953439477E+00000, 0.41907169524058E+00000, 0.52376614487785E-00003, 0.52376728499782E-00003, 0.52376652491784E-00003, -.28830953011568E-00004, 0.15455115716879E+00001, 0.10000031341752E+00001, 0.28813036922488E+00000, -.10671747710866E+00002, 0.52376500475789E-00003, 0.15201599644473E-00008
0.10738212002029E+00001, 0.52733478732987E-00003, 0.50078410420711E-00003, 0.12451408177233E+00000, 0.12449426799879E+00000, 0.42192860079508E+00000, 0.52733406536077E-00003, 0.52733478732987E-00003, 0.52733430601716E-00003, -.26550201810047E-00004, 0.15232974003042E+00001, 0.10000032411874E+00001, 0.28811349820551E+00000, -.10671747938076E+00002, 0.52733334339172E-00003, 0.96262543608883E-00009
0.11044960817778E+00001, 0.53103257375885E-00003, 0.50797416937677E-00003, 0.12449914092928E+00000, 0.12447879672736E+00000, 0.42488815110319E+00000, 0.53103230808722E-00003, 0.53103257375885E-00003, 0.53103239664444E-00003, -.23058227267668E-00004, 0.15009048366439E+00001, 0.10000033438162E+00001, 0.28809621185671E+00000, -.10671748166853E+00002, 0.53103204241559E-00003, 0.35422884716270E-00009
0.11351683831062E+00001, 0.53486468101536E-00003, 0.51367763502827E-00003, 0.12448416296940E+00000, 0.12446311929314E+00000, 0.42795408853013E+00000, 0.53486454349449E-00003, 0.53486468101536E-00003, 0.53486458933483E-00003, -.21186954306565E-00004, 0.14783887012296E+00001, 0.10000034432738E+00001, 0.28807888152310E+00000, -.10671748397260E+00002, 0.53486440597364E-00003, 0.18336117375961E-00009
0.11658381460280E+00001, 0.53883394776860E-00003, 0.51418404564137E-00003, 0.12446943618732E+00000, 0.12444734256456E+00000, 0.43113042100503E+00000, 0.53883369867484E-00003, 0.53883394776860E-00003, 0.53883378170611E-00003, -.24649736064748E-00004, 0.14557733773977E+00001, 0.10000035453004E+00001, 0.28806184079965E+00000, -.10671748629364E+00002, 0.53883344958110E-00003, 0.33212501194580E-00009
0.11965055989926E+00001, 0.54294253828528E-00003, 0.51243444980066E-00003, 0.12445494851145E+00000, 0.12443160622932E+00000, 0.43441889460813E+00000, 0.54294171651567E-00003, 0.54294253828528E-00003, 0.54294199043886E-00003, -.30507540638203E-00004, 0.14330669365901E+00001, 0.10000036540612E+00001, 0.28804507576818E+00000, -.10671748863217E+00002, 0.54294089474609E-00003, 0.10956928041419E-00008
0.12271709606895E+00001, 0.54719003501150E-00003, 0.51604814631336E-00003, 0.12444029305906E+00000, 0.12441585463869E+00000, 0.43781898279399E+00000, 0.54718883770256E-00003, 0.54719003501150E-00003, 0.54718923680553E-00003, -.31141090492175E-00004, 0.14102887019690E+00001, 0.10000037672033E+00001, 0.28802811559413E+00000, -.10671749098872E+00002, 0.54718764039362E-00003, 0.15964119092800E-00008
0.12578341394717E+00001, 0.55157683397122E-00003, 0.52458574444378E-00003, 0.12442506074316E+00000, 0.12439990618451E+00000, 0.44133040749628E+00000, 0.55157602416005E-00003, 0.55157683397122E-00003, 0.55157629409714E-00003, -.26990549653362E-00004, 0.13881830863576E+00001, 0.10000038784306E+00001, 0.28801048678033E+00000, -.10671749336393E+00002, 0.55157521434883E-00003, 0.10797482605404E-00008
0.12884944194680E+00001, 0.55610718492636E-00003, 0.53370346078294E-00003, 0.12440927597473E+00000, 0.12438368031753E+00000, 0.44495527387955E+00000, 0.55610684626348E-00003, 0.55610718492636E-00003, 0.55610695915113E-00003, -.22403498368187E-00004, 0.13673776206023E+00001, 0.10000039844445E+00001, 0.28799221745819E+00000, -.10671749575841E+00002, 0.55610650760058E-00003, 0.45155053643687E-00009
0.13191518205747E+00001, 0.56078548882553E-00003, 0.54101432524645E-00003, 0.12439330878833E+00000, 0.12436719908364E+00000, 0.44869765983911E+00000, 0.56078533610817E-00003, 0.56078548882553E-00003, 0.56078538701399E-00003, -.19771061767532E-00004, 0.13478555224998E+00001, 0.10000040879533E+00001, 0.28797373582594E+00000, -.10671749817290E+00002, 0.56078518339082E-00003, 0.20362314861025E-00009
0.13498061014100E+00001, 0.56561473719537E-00003, 0.54519862977199E-00003, 0.12437752572849E+00000, 0.12435054294668E+00000, 0.45256112193208E+00000, 0.56561445720535E-00003, 0.56561473719537E-00003, 0.56561455053535E-00003, -.20415920763363E-00004, 0.13349835040987E+00001, 0.10000041942709E+00001, 0.28795546614999E+00000, -.10671750060800E+00002, 0.56561417721533E-00003, 0.37332003089670E-00009
0.13804554983636E+00001, 0.57059647856662E-00003, 0.54771088870542E-00003, 0.12436197581782E+00000, 0.12433379382696E+00000, 0.45654706225049E+00000, 0.57059577382576E-00003, 0.57059647856662E-00003, 0.57059600873934E-00003, -.22885120033919E-00004, 0.13283489503701E+00001, 0.10000043059376E+00001, 0.28793746522213E+00000, -.10671750306421E+00002, 0.57059506908484E-00003, 0.93965451718669E-00009
0.14110998972541E+00001, 0.57573142894528E-00003, 0.55096706865751E-00003, 0.12434633401961E+00000, 0.12431696304920E+00000, 0.46065575860199E+00000, 0.57573037558255E-00003, 0.57573142894528E-00003, 0.57573072670348E-00003, -.24763658045962E-00004, 0.13434163952070E+00001, 0.10000044209506E+00001, 0.28791935678775E+00000, -.10671750554210E+00002, 0.57572932221979E-00003, 0.14044836567669E-00008
0.14417394539207E+00001, 0.58102088519691E-00003, 0.55516878203731E-00003, 0.12433021661687E+00000, 0.12430001834463E+00000, 0.46488785612519E+00000, 0.58101995001247E-00003, 0.58102088519691E-00003, 0.58102026174066E-00003, -.25851479703346E-00004, 0.13639593624593E+00001, 0.10000045355229E+00001, 0.28790069655684E+00000, -.10671750804240E+00002, 0.58101901482802E-00003, 0.12469125936455E-00008
0.14723742987574E+00001, 0.58646822798794E-00003, 0.55979138752767E-00003, 0.12431355887842E+00000, 0.12428294213191E+00000, 0.46924554998682E+00000, 0.58646769926946E-00003, 0.58646822798794E-00003, 0.58646787550894E-00003, -.26676487981272E-00004, 0.13852202177373E+00001, 0.10000046477267E+00001, 0.28788140947089E+00000, -.10671751056584E+00002, 0.58646717055100E-00003, 0.70495797005816E-00009
0.15000000000000E+00001, 0.59152182737598E-00003, 0.56542510981159E-00003, 0.12429830327045E+00000, 0.12426740423375E+00000, 0.47328773683605E+00000, 0.59152155524455E-00003, 0.59152182737598E-00003, 0.59152164595504E-00003, -.26096536143454E-00004, 0.14049255475551E+00001, 0.10000047477642E+00001, 0.28786374470161E+00000, -.10671751286219E+00002, 0.59152128311305E-00003, 0.36284197748006E-00009
0.15028713783741E+00001, 0.59205319036703E-00003, 0.56612323046150E-00003, 0.12429671632719E+00000, 0.12426577968410E+00000, 0.47371275600137E+00000, 0.59205293359999E-00003, 0.59205319036703E-00003, 0.59205301918899E-00003, -.25929788727490E-00004, 0.14070080704854E+00001, 0.10000047581813E+00001, 0.28786190708647E+00000, -.10671751310202E+00002, 0.59205267683301E-00003, 0.34235598240792E-00009
0.15334968113442E+00001, 0.59782804583780E-00003, 0.57445368180634E-00003, 0.12427986272520E+00000, 0.12424831713911E+00000, 0.47833214747391E+00000, 0.59782780096467E-00003, 0.59782804583780E-00003, 0.59782788258906E-00003, -.23374200782728E-00004, 0.14295441156328E+00001, 0.10000048705281E+00001, 0.28784239058346E+00000, -.10671751567383E+00002, 0.59782755609153E-00003, 0.32649750032480E-00009
0.15641170285015E+00001, 0.60377090182131E-00003, 0.58270574891785E-00003, 0.12426312805414E+00000, 0.12423059790222E+00000, 0.48308630066781E+00000, 0.60377036307076E-00003, 0.60377090182131E-00003, 0.60377054265431E-00003, -.21064793736463E-00004, 0.14528341581676E+00001, 0.10000049861480E+00001, 0.28782301049330E+00000, -.10671751827091E+00002, 0.60376982432028E-00003, 0.71833403255485E-00009
0.15947315060013E+00001, 0.60988257963631E-00003, 0.58936986972693E-00003, 0.12424624317172E+00000, 0.12421265225497E+00000, 0.48797515606743E+00000, 0.60988164243437E-00003, 0.60988257963631E-00003, 0.60988195483504E-00003, -.20512085108105E-00004, 0.14767293226698E+00001, 0.10000051044222E+00001, 0.28780345512372E+00000, -.10671752089390E+00002, 0.60988070523243E-00003, 0.12496026041454E-00008
0.16253405493304E+00001, 0.61616444551438E-00003, 0.59500713627243E-00003, 0.12422887452075E+00000, 0.12419452550646E+00000, 0.49299936306064E+00000, 0.61616340552785E-00003, 0.61616444551438E-00003, 0.61616375219004E-00003, -.21156615917605E-00004, 0.15012940571823E+00001, 0.10000052228468E+00001, 0.28778333808701E+00000, -.10671752354358E+00002, 0.61616236554129E-00003, 0.13866487068709E-00008
0.16559443979173E+00001, 0.62262000005889E-00003, 0.60136334625042E-00003, 0.12421095672871E+00000, 0.12417622246588E+00000, 0.49816215941110E+00000, 0.62261933000584E-00003, 0.62262000005889E-00003, 0.62261955335682E-00003, -.21256207106398E-00004, 0.15265631014004E+00001, 0.10000053395598E+00001, 0.28776258354033E+00000, -.10671752622075E+00002, 0.62261865995277E-00003, 0.89340407223283E-00009
0.16865431098725E+00001, 0.62925445839769E-00003, 0.60953582324777E-00003, 0.12419273541715E+00000, 0.12415770130431E+00000, 0.50346821864426E+00000, 0.62925420735615E-00003, 0.62925445839769E-00003, 0.62925429103664E-00003, -.19718467788868E-00004, 0.15525476757581E+00001, 0.10000054552287E+00001, 0.28774147588550E+00000, -.10671752892624E+00002, 0.62925395631456E-00003, 0.33472208530138E-00009
0.17171366570901E+00001, 0.63607166600563E-00003, 0.61850754833801E-00003, 0.12417447745649E+00000, 0.12413891401987E+00000, 0.50892072004399E+00000, 0.63607145948800E-00003, 0.63607166600563E-00003, 0.63607152832719E-00003, -.17563979989184E-00004, 0.15792372461375E+00001, 0.10000055722483E+00001, 0.28772032422301E+00000, -.10671753166084E+00002, 0.63607125297037E-00003, 0.27535680678927E-00009
0.17477251037430E+00001, 0.64307307945196E-00003, 0.62469648490849E-00003, 0.12415622483596E+00000, 0.12411988922705E+00000, 0.51452045248545E+00000, 0.64307257110911E-00003, 0.64307307945196E-00003, 0.64307274055672E-00003, -.18376255648227E-00004, 0.16066426088381E+00001, 0.10000056923568E+00001, 0.28769917719262E+00000, -.10671753442533E+00002, 0.64307206276629E-00003, 0.67779044159248E-00009
0.17783086992432E+00001, 0.65026002740275E-00003, 0.62734230573459E-00003, 0.12413781974339E+00000, 0.12410073835030E+00000, 0.52026792123689E+00000, 0.65025911823143E-00003, 0.65026002740275E-00003, 0.65025942128855E-00003, -.22917115553964E-00004, 0.16347299770371E+00001, 0.10000058151951E+00001, 0.28767785193788E+00000, -.10671753722051E+00002, 0.65025820906008E-00003, 0.12122284448237E-00008
0.18088878325684E+00001, 0.65763515159862E-00003, 0.63106995582612E-00003, 0.12411906371429E+00000, 0.12408150840935E+00000, 0.52616543299982E+00000, 0.65763412839953E-00003, 0.65763515159862E-00003, 0.65763446946588E-00003, -.26564513639764E-00004, 0.16634831362420E+00001, 0.10000059389355E+00001, 0.28765611844040E+00000, -.10671754004728E+00002, 0.65763310520038E-00003, 0.13642655152417E-00008
0.18394629005535E+00001, 0.66520247124490E-00003, 0.64087145478297E-00003, 0.12409986752435E+00000, 0.12406208144766E+00000, 0.53221670742248E+00000, 0.66520172900593E-00003, 0.66520247124490E-00003, 0.66520197641894E-00003, -.24330521635968E-00004, 0.16930083992569E+00001, 0.10000060622004E+00001, 0.28763387320730E+00000, -.10671754290649E+00002, 0.66520098676697E-00003, 0.98965195379961E-00009
0.18700340809201E+00001, 0.67296603722422E-00003, 0.65581315875223E-00003, 0.12408029494282E+00000, 0.12404226687628E+00000, 0.53842514098012E+00000, 0.67296570585833E-00003, 0.67296603722422E-00003, 0.67296581631363E-00003, -.17152657561399E-00004, 0.17233525144400E+00001, 0.10000061852613E+00001, 0.28761119002665E+00000, -.10671754579904E+00002, 0.67296537449249E-00003, 0.44182115429991E-00009
0.19006004550703E+00001, 0.68092907123578E-00003, 0.66968836798227E-00003, 0.12406048213199E+00000, 0.12402199790775E+00000, 0.54479288600249E+00000, 0.68092880775467E-00003, 0.68092907123578E-00003, 0.68092889558171E-00003, -.11240527599431E-00004, 0.17544781325929E+00001, 0.10000063093494E+00001, 0.28758822661576E+00000, -.10671754872573E+00002, 0.68092854427356E-00003, 0.35130817501896E-00009
0.19311618443438E+00001, 0.68909387627777E-00003, 0.67727467976928E-00003, 0.12404048817952E+00000, 0.12400139598668E+00000, 0.55132175490042E+00000, 0.68909337328449E-00003, 0.68909387627777E-00003, 0.68909354094892E-00003, -.11818861179644E-00004, 0.17863446122114E+00001, 0.10000064351073E+00001, 0.28756505139941E+00000, -.10671755168737E+00002, 0.68909287029120E-00003, 0.67065771344774E-00009
0.19617182466993E+00001, 0.69746282915400E-00003, 0.67871172377788E-00003, 0.12402026207638E+00000, 0.12398067008871E+00000, 0.55801370983416E+00000, 0.69746207532114E-00003, 0.69746282915400E-00003, 0.69746232659874E-00003, -.18750602820860E-00004, 0.18190581677321E+00001, 0.10000065621723E+00001, 0.28754160519407E+00000, -.10671755468487E+00002, 0.69746132148828E-00003, 0.10051104791872E-00008
0.19922675282601E+00001, 0.70603842046472E-00003, 0.68148007613861E-00003, 0.12399970502397E+00000, 0.12395990912404E+00000, 0.56487044195326E+00000, 0.70603748768954E-00003, 0.70603842046472E-00003, 0.70603779861461E-00003, -.24557722476004E-00004, 0.18526088704754E+00001, 0.10000066899449E+00001, 0.28751777339146E+00000, -.10671755771889E+00002, 0.70603655491437E-00003, 0.12437002405379E-00008
0.20000000000000E+00001, 0.70824470911596E-00003, 0.68340424590399E-00003, 0.12399443601115E+00000, 0.12395463254415E+00000, 0.56663446822157E+00000, 0.70824377348422E-00003, 0.70824470911596E-00003, 0.70824408536146E-00003, -.24839839457470E-00004, 0.18612522412379E+00001, 0.10000067223710E+00001, 0.28751166470383E+00000, -.10671755849286E+00002, 0.70824283785245E-00003, 0.12475090163775E-00008
0.20227149513576E+00001, 0.71479568253379E-00003, 0.69243083164923E-00003, 0.12397879274836E+00000, 0.12393901548547E+00000, 0.57187229293393E+00000, 0.71479488145597E-00003, 0.71479568253379E-00003, 0.71479514848190E-00003, -.22364316832677E-00004, 0.18868763522245E+00001, 0.10000068178826E+00001, 0.28749352775134E+00000, -.10671756078076E+00002, 0.71479408037808E-00003, 0.10681038071666E-00008
0.20532499817695E+00001, 0.72379232196599E-00003, 0.70949340388036E-00003, 0.12395741497022E+00000, 0.12391761770695E+00000, 0.57906562549505E+00000, 0.72379186701195E-00003, 0.72379232196599E-00003, 0.72379201866332E-00003, -.14298614782958E-00004, 0.19220354186390E+00001, 0.10000069472866E+00001, 0.28746874029503E+00000, -.10671756389044E+00002, 0.72379141205791E-00003, 0.60660536046763E-00009
0.20837780270945E+00001, 0.73300548594948E-00003, 0.72468258626727E-00003, 0.12393577498187E+00000, 0.12389571131262E+00000, 0.58643202898503E+00000, 0.73300518462199E-00003, 0.73300548594948E-00003, 0.73300528506451E-00003, -.83226987972374E-00005, 0.19580360657118E+00001, 0.10000070786389E+00001, 0.28744364662993E+00000, -.10671756703941E+00002, 0.73300488329450E-00003, 0.40176997594469E-00009
0.21142990260152E+00001, 0.74243859115132E-00003, 0.73198130314257E-00003, 0.12391399931188E+00000, 0.12387345936859E+00000, 0.59397422973689E+00000, 0.74243815119627E-00003, 0.74243859115132E-00003, 0.74243829784796E-00003, -.10456994705383E-00004, 0.19948121033986E+00001, 0.10000072124639E+00001, 0.28741839341730E+00000, -.10671757022855E+00002, 0.74243771124120E-00003, 0.58660674471960E-00009
0.21448130212113E+00001, 0.75209411142547E-00003, 0.73266547164611E-00003, 0.12389206334132E+00000, 0.12385110498981E+00000, 0.60169409469082E+00000, 0.75209343286175E-00003, 0.75209411142547E-00003, 0.75209365904967E-00003, -.19428187403558E-00004, 0.20324432462026E+00001, 0.10000073482120E+00001, 0.28739295206078E+00000, -.10671757345878E+00002, 0.75209275429808E-00003, 0.90475162297333E-00009
0.21753191317517E+00001, 0.76197416492764E-00003, 0.73550966447838E-00003, 0.12386976515502E+00000, 0.12382873015114E+00000, 0.60959282636345E+00000, 0.76197322938957E-00003, 0.76197416492764E-00003, 0.76197354123561E-00003, -.26463876757230E-00004, 0.20711410247240E+00001, 0.10000074844166E+00001, 0.28736708829767E+00000, -.10671757673097E+00002, 0.76197229385150E-00003, 0.12473840839223E-00008
0.22058175067762E+00001, 0.77208121340672E-00003, 0.74862023187353E-00003, 0.12384686215084E+00000, 0.12380612647508E+00000, 0.61767275313241E+00000, 0.77208029919424E-00003, 0.77208121340672E-00003, 0.77208060393172E-00003, -.23460372058186E-00004, 0.21107019314812E+00001, 0.10000076200666E+00001, 0.28734052058008E+00000, -.10671758004606E+00002, 0.77207938498180E-00003, 0.12189499565015E-00008
0.22363085200372E+00001, 0.78241880135077E-00003, 0.76917715932367E-00003, 0.12382335090902E+00000, 0.12378299429503E+00000, 0.62593752178892E+00000, 0.78241831975384E-00003, 0.78241880135077E-00003, 0.78241848028614E-00003, -.13241320962468E-00004, 0.21510079056483E+00001, 0.10000077560226E+00001, 0.28731324474520E+00000, -.10671758340509E+00002, 0.78241783815689E-00003, 0.64212925215702E-00009
0.22667923975594E+00001, 0.79299178703460E-00003, 0.78847583724483E-00003, 0.12379953005803E+00000, 0.12375924013041E+00000, 0.63439062756074E+00000, 0.79299151308532E-00003, 0.79299178703460E-00003, 0.79299160440176E-00003, -.45157671569251E-00005, 0.21927749858733E+00001, 0.10000078944515E+00001, 0.28728560708586E+00000, -.10671758680905E+00002, 0.79299123913604E-00003, 0.36526570656788E-00009
0.22972693062608E+00001, 0.80380309149198E-00003, 0.80072607208404E-00003, 0.12377564001212E+00000, 0.12373500070231E+00000, 0.64303408379872E+00000, 0.80380266972400E-00003, 0.80380309149198E-00003, 0.80380281031332E-00003, -.30767382292809E-00005, 0.22349649721797E+00001, 0.10000080363714E+00001, 0.28725788647383E+00000, -.10671759025884E+00002, 0.80380224795597E-00003, 0.56235733143374E-00009
0.23277390114189E+00001, 0.81485426940331E-00003, 0.80435199466876E-00003, 0.12375159508745E+00000, 0.12371052893185E+00000, 0.65186891770849E+00000, 0.81485366595363E-00003, 0.81485426940331E-00003, 0.81485386710351E-00003, -.10501872434748E-00004, 0.22789286651943E+00001, 0.10000081804603E+00001, 0.28722998344817E+00000, -.10671759375543E+00002, 0.81485306250396E-00003, 0.80459957445610E-00009
0.23582017136680E+00001, 0.82614859906551E-00003, 0.80510234506253E-00003, 0.12372710504802E+00000, 0.12368602075320E+00000, 0.66089718779716E+00000, 0.82614773238028E-00003, 0.82614859906551E-00003, 0.82614802127535E-00003, -.21045676212819E-00004, 0.23232529066690E+00001, 0.10000083247028E+00001, 0.28720156110070E+00000, -.10671759729980E+00002, 0.82614686569507E-00003, 0.11555803796877E-00008
0.23886579000826E+00001, 0.83768984587279E-00003, 0.81286643593990E-00003, 0.12370196722334E+00000, 0.12366140864967E+00000, 0.67012256653453E+00000, 0.83768885117310E-00003, 0.83768984587279E-00003, 0.83768918273960E-00003, -.24822746799705E-00004, 0.23691560772303E+00001, 0.10000084688285E+00001, 0.28717238402899E+00000, -.10671760089301E+00002, 0.83768785647343E-00003, 0.13262663293513E-00008
0.24191067774507E+00001, 0.84948069481953E-00003, 0.83018443503018E-00003, 0.12367628897951E+00000, 0.12363641260270E+00000, 0.67954850602300E+00000, 0.84948008039646E-00003, 0.84948069481953E-00003, 0.84948028520406E-00003, -.19295850173878E-00004, 0.24157284027812E+00001, 0.10000086147758E+00001, 0.28714257664038E+00000, -.10671760453600E+00002, 0.84947946597341E-00003, 0.81923091054410E-00009
0.24495479411247E+00001, 0.86152474535468E-00003, 0.85133205158008E-00003, 0.12365038061572E+00000, 0.12361082024133E+00000, 0.68917717936516E+00000, 0.86152444000457E-00003, 0.86152474535468E-00003, 0.86152454178781E-00003, -.10192490207729E-00004, 0.24639518444635E+00001, 0.10000087645496E+00001, 0.28711249899150E+00000, -.10671760822967E+00002, 0.86152413465451E-00003, 0.40713372263098E-00009
0.24799817341023E+00001, 0.87382513343425E-00003, 0.87015443577332E-00003, 0.12362433510416E+00000, 0.12358461065470E+00000, 0.69900999065304E+00000, 0.87382468335909E-00003, 0.87382513343425E-00003, 0.87382483338395E-00003, -.36703976106275E-00005, 0.25128278154216E+00001, 0.10000089178066E+00001, 0.28708225894815E+00000, -.10671761197501E+00002, 0.87382423328385E-00003, 0.60010067505467E-00009
0.25000000000000E+00001, 0.88206154160803E-00003, 0.87822599613903E-00003, 0.12360701776563E+00000, 0.12356710343692E+00000, 0.70559386419733E+00000, 0.88206103579083E-00003, 0.88206154160803E-00003, 0.88206120439631E-00003, -.38352082572738E-00005, 0.25461078236236E+00001, 0.10000090194774E+00001, 0.28706215095415E+00000, -.10671761446773E+00002, 0.88206052997371E-00003, 0.67442340956134E-00009
0.25102682332949E+00001, 0.88632568723952E-00003, 0.88064146639478E-00003, 0.12359804876831E+00000, 0.12355807226314E+00000, 0.70900239514086E+00000, 0.88632517404967E-00003, 0.88632568723952E-00003, 0.88632534511267E-00003, -.56838787178845E-00005, 0.25630233262614E+00001, 0.10000090716741E+00001, 0.28705173606664E+00000, -.10671761575545E+00002, 0.88632466085977E-00003, 0.68425378849822E-00009
0.25406882245355E+00001, 0.89914706085903E-00003, 0.88407009781886E-00003, 0.12357108638347E+00000, 0.12353122567471E+00000, 0.71925057114311E+00000, 0.89914633838447E-00003, 0.89914706085903E-00003, 0.89914657920888E-00003, -.15076481390026E-00004, 0.26148094600547E+00001, 0.10000092262909E+00001, 0.28702042480571E+00000, -.10671761960703E+00002, 0.89914561590990E-00003, 0.96330032909129E-00009
0.25711022695786E+00001, 0.91223627033963E-00003, 0.89174600846888E-00003, 0.12354354992656E+00000, 0.12350424448270E+00000, 0.72971266459062E+00000, 0.91223524549927E-00003, 0.91223627033963E-00003, 0.91223558711208E-00003, -.20489578643204E-00004, 0.26678163720254E+00001, 0.10000093815380E+00001, 0.28698844335218E+00000, -.10671762351355E+00002, 0.91223422065894E-00003, 0.13664551034727E-00008
0.26015112504196E+00001, 0.92559547493363E-00003, 0.90875727629157E-00003, 0.12351552179647E+00000, 0.12347688817375E+00000, 0.74039167123374E+00000, 0.92559473189589E-00003, 0.92559547493363E-00003, 0.92559497957426E-00003, -.16837703282689E-00004, 0.27219182668710E+00001, 0.10000095388518E+00001, 0.28695588719810E+00000, -.10671762747617E+00002, 0.92559398885814E-00003, 0.99071878721073E-00009
0.26319138372435E+00001, 0.93922811997162E-00003, 0.93026239770123E-00003, 0.12348712108451E+00000, 0.12344893625088E+00000, 0.75128952027535E+00000, 0.93922775732026E-00003, 0.93922811997162E-00003, 0.93922787820282E-00003, -.89654805015922E-00005, 0.27775329233115E+00001, 0.10000096993258E+00001, 0.28692289450246E+00000, -.10671763149575E+00002, 0.93922739466888E-00003, 0.48353764553850E-00009
0.26623092548961E+00001, 0.95313872817382E-00003, 0.95048208662217E-00003, 0.12345835428297E+00000, 0.12342034235524E+00000, 0.76240892438737E+00000, 0.95313832678175E-00003, 0.95313872817382E-00003, 0.95313846057739E-00003, -.26563739552199E-00005, 0.28354318718900E+00001, 0.10000098630598E+00001, 0.28688947265799E+00000, -.10671763557324E+00002, 0.95313792538977E-00003, 0.53519272193326E-00009
0.26926978153058E+00001, 0.96733092264414E-00003, 0.96331428125640E-00003, 0.12342915555642E+00000, 0.12339123827611E+00000, 0.77375320709189E+00000, 0.96733046717164E-00003, 0.96733092264414E-00003, 0.96733061899355E-00003, -.40163377371475E-00005, 0.28936265993110E+00001, 0.10000100293951E+00001, 0.28685554501225E+00000, -.10671763970973E+00002, 0.96733001169920E-00003, 0.60730114196673E-00009
0.27230793788576E+00001, 0.98180900298847E-00003, 0.96785462406183E-00003, 0.12339958146931E+00000, 0.12336189088766E+00000, 0.78532525021391E+00000, 0.98180837893436E-00003, 0.98180900298847E-00003, 0.98180858694944E-00003, -.13953962887617E-00004, 0.29545839410342E+00001, 0.10000101977811E+00001, 0.28682117712297E+00000, -.10671764390633E+00002, 0.98180775488035E-00003, 0.83207801266992E-00009
0.27534547618302E+00001, 0.99657798027350E-00003, 0.97501945590309E-00003, 0.12336968202289E+00000, 0.12333240676654E+00000, 0.79712870898522E+00000, 0.99657693450846E-00003, 0.99657798027350E-00003, 0.99657728309289E-00003, -.21557827189805E-00004, 0.30171887013512E+00001, 0.10000103681671E+00001, 0.28678642694857E+00000, -.10671764816426E+00002, 0.99657588874338E-00003, 0.13943611117047E-00008
0.27838249723319E+00001, 0.10116417935550E-00002, 0.99333060247183E-00003, 0.12333930447133E+00000, 0.12330254389837E+00000, 0.80916849433610E+00000, 0.10116408899252E-00002, 0.10116417935550E-00002, 0.10116411911302E-00002, -.18310588658345E-00004, 0.30807766673171E+00001, 0.10000105408518E+00001, 0.28675111679100E+00000, -.10671765248484E+00002, 0.10116399862954E-00002, 0.12048496316400E-00008
0.28141907811934E+00001, 0.10270069179273E-00002, 0.10181619049069E-00002, 0.12330828937707E+00000, 0.12327200935545E+00000, 0.82145005135579E+00000, 0.10270064993894E-00002, 0.10270069179273E-00002, 0.10270066388957E-00002, -.88447339888581E-00005, 0.31480174494827E+00001, 0.10000107162587E+00001, 0.28671506108222E+00000, -.10671765686934E+00002, 0.10270060808514E-00002, 0.55806319386306E-00009
0.28445506658375E+00001, 0.10426798823350E-00002, 0.10418243992924E-00002, 0.12327664015950E+00000, 0.12324072691753E+00000, 0.83397740715491E+00000, 0.10426794713686E-00002, 0.10426798823350E-00002, 0.10426796083496E-00002, -.85520905720236E-00006, 0.32169502276477E+00001, 0.10000108943356E+00001, 0.28667826351678E+00000, -.10671766131873E+00002, 0.10426790604022E-00002, 0.54797100969434E-00009
0.28749033306336E+00001, 0.10586649042868E-00002, 0.10573419148041E-00002, 0.12324447518459E+00000, 0.12320884126999E+00000, 0.84675416514245E+00000, 0.10586644403528E-00002, 0.10586649042868E-00002, 0.10586645949877E-00002, -.13226801835569E-00005, 0.32880653508459E+00001, 0.10000110745886E+00001, 0.28664086145627E+00000, -.10671766583403E+00002, 0.10586639764188E-00002, 0.61859829357118E-00009
0.29052496651707E+00001, 0.10749689183343E-00002, 0.10635710945281E-00002, 0.12321197913385E+00000, 0.12317664697987E+00000, 0.85978548842490E+00000, 0.10749683625005E-00002, 0.10749689183343E-00002, 0.10749685477664E-00002, -.11397453238311E-00004, 0.33615890145147E+00001, 0.10000112571619E+00001, 0.28660306945768E+00000, -.10671767041668E+00002, 0.10749678066667E-00002, 0.74113575828832E-00009
0.29355907689926E+00001, 0.10916005815604E-00002, 0.10722456132139E-00002, 0.12317918537367E+00000, 0.12314427030545E+00000, 0.87307790440301E+00000, 0.10915996546157E-00002, 0.10916005815604E-00002, 0.10915999635826E-00002, -.19354350368703E-00004, 0.34377066972137E+00001, 0.10000114428439E+00001, 0.28656492617866E+00000, -.10671767506815E+00002, 0.10915987276708E-00002, 0.12359556392726E-00008
0.29659276713487E+00001, 0.11085672798684E-00002, 0.10932640941279E-00002, 0.12314586632800E+00000, 0.12311145376189E+00000, 0.88663847025010E+00000, 0.11085663288914E-00002, 0.11085672798684E-00002, 0.11085666458662E-00002, -.15302551738246E-00004, 0.35161986123776E+00001, 0.10000116318933E+00001, 0.28652616672595E+00000, -.10671767978991E+00002, 0.11085653779145E-00002, 0.12680045443702E-00008
0.29962611802343E+00001, 0.11258775427595E-00002, 0.11212708952871E-00002, 0.12311183820523E+00000, 0.12307786866818E+00000, 0.90047407553625E+00000, 0.11258769885289E-00002, 0.11258775427595E-00002, 0.11258771732513E-00002, -.46062779642377E-00005, 0.36003316098545E+00001, 0.10000118237869E+00001, 0.28648657700403E+00000, -.10671768458351E+00002, 0.11258764342984E-00002, 0.73901608967481E-00009
0.30000000000000E+00001, 0.11280401544538E-00002, 0.11246246604186E-00002, 0.12310759624782E+00000, 0.12307367013013E+00000, 0.90220254621344E+00000, 0.11280396384421E-00002, 0.11280401544538E-00002, 0.11280398104245E-00002, -.34151500058696E-00005, 0.36105936638098E+00001, 0.10000118476120E+00001, 0.28648164135225E+00000, -.10671768517944E+00002, 0.11280391224304E-00002, 0.68805866058273E-00009
0.30265388727733E+00001, 0.11435111435606E-00002, 0.11450169942085E-00002, 0.12307723682220E+00000, 0.12304353818806E+00000, 0.91456725055524E+00000, 0.11435106905358E-00002, 0.11435111435606E-00002, 0.11435108415191E-00002, 0.15061526893752E-00005, 0.36863095675088E+00001, 0.10000120178621E+00001, 0.28644631471674E+00000, -.10671768944191E+00002, 0.11435102375110E-00002, 0.60408293713115E-00009
0.30568638930365E+00001, 0.11615390815896E-00002, 0.11587178928964E-00002, 0.12304212178130E+00000, 0.12300858068514E+00000, 0.92897495622640E+00000, 0.11615385493486E-00002, 0.11615390815896E-00002, 0.11615387267329E-00002, -.28208338365635E-00005, 0.37762042519991E+00001, 0.10000122154399E+00001, 0.28640544894874E+00000, -.10671769438317E+00002, 0.11615380171077E-00002, 0.70971329556074E-00009
0.30871832427491E+00001, 0.11799433601435E-00002, 0.11650556021562E-00002, 0.12300666078832E+00000, 0.12297334722316E+00000, 0.94368351700654E+00000, 0.11799428160493E-00002, 0.11799433601435E-00002, 0.11799429973798E-00002, -.14887395223541E-00004, 0.38729120808667E+00001, 0.10000124173202E+00001, 0.28636417465449E+00000, -.10671769940038E+00002, 0.11799422719551E-00002, 0.72552738612137E-00009
0.31174974240488E+00001, 0.11987389347569E-00002, 0.11770657576954E-00002, 0.12297078246182E+00000, 0.12293788080282E+00000, 0.95870469242412E+00000, 0.11987380795071E-00002, 0.11987389347569E-00002, 0.11987383645507E-00002, -.21672606855278E-00004, 0.39722599461976E+00001, 0.10000126235262E+00001, 0.28632240855583E+00000, -.10671770449523E+00002, 0.11987372242572E-00002, 0.11404123477542E-00008
0.31478068785132E+00001, 0.12179393054642E-00002, 0.12041139795332E-00002, 0.12293422653056E+00000, 0.12290182928918E+00000, 0.97405008525293E+00000, 0.12179382933479E-00002, 0.12179393054642E-00002, 0.12179386306744E-00002, -.13824651141212E-00004, 0.40779506736709E+00001, 0.10000128324227E+00001, 0.28627984738779E+00000, -.10671770966946E+00002, 0.12179372812314E-00002, 0.13495796253975E-00008
0.31781126035063E+00001, 0.12375593801297E-00002, 0.12375911842635E-00002, 0.12289685223012E+00000, 0.12286482619883E+00000, 0.98973159373521E+00000, 0.12375587090907E-00002, 0.12375593801297E-00002, 0.12375589327185E-00002, 0.32251544982450E-00007, 0.41913359898289E+00001, 0.10000130426946E+00001, 0.28623632687009E+00000, -.10671771492500E+00002, 0.12375580380518E-00002, 0.89482245474821E-00009
0.32084154878757E+00001, 0.12576183333831E-00002, 0.12636448421996E-00002, 0.12285882924587E+00000, 0.12282689948663E+00000, 0.10057626004952E+00001, 0.12576178595207E-00002, 0.12576183333831E-00002, 0.12576180174159E-00002, 0.60268247836679E-00005, 0.43116379896971E+00001, 0.10000132551766E+00001, 0.28619204420094E+00000, -.10671772026387E+00002, 0.12576173856583E-00002, 0.63193418987302E-00009
0.32387162236980E+00001, 0.12781377631082E-00002, 0.12784789059137E-00002, 0.12282037066936E+00000, 0.12278836109077E+00000, 0.10221600148581E+00001, 0.12781372259937E-00002, 0.12781377631082E-00002, 0.12781374049656E-00002, 0.34150094804591E-00006, 0.44395340215355E+00001, 0.10000134719455E+00001, 0.28614724725726E+00000, -.10671772568810E+00002, 0.12781366888793E-00002, 0.71628515064590E-00009
0.32690151828576E+00001, 0.12991415404007E-00002, 0.12881012261207E-00002, 0.12278147441023E+00000, 0.12274947836580E+00000, 0.10389445641115E+00001, 0.12991409804208E-00002, 0.12991415404007E-00002, 0.12991411670065E-00002, -.11039940885883E-00004, 0.45760983576881E+00001, 0.10000136941653E+00001, 0.28610193336202E+00000, -.10671773119978E+00002, 0.12991404204408E-00002, 0.74678847146656E-00009
0.32993097272865E+00001, 0.13206542064519E-00002, 0.13034225386840E-00002, 0.12274196102430E+00000, 0.12271025157955E+00000, 0.10561367765139E+00001, 0.13206534071996E-00002, 0.13206542064519E-00002, 0.13206536735340E-00002, -.17231134850069E-00004, 0.47244008475270E+00001, 0.10000139211536E+00001, 0.28605589316810E+00000, -.10671773680054E+00002, 0.13206526079475E-00002, 0.10658355185705E-00008
0.33295996837216E+00001, 0.13427018555345E-00002, 0.13308357287579E-00002, 0.12270164783757E+00000, 0.12267038287560E+00000, 0.10737574130119E+00001, 0.13427007592756E-00002, 0.13427018555345E-00002, 0.13427011246023E-00002, -.11865395844472E-00004, 0.48815397969600E+00001, 0.10000141514154E+00001, 0.28600891342471E+00000, -.10671774249259E+00002, 0.13426996630167E-00002, 0.14618642906881E-00008
0.33598861153092E+00001, 0.13653125143102E-00002, 0.13628728966218E-00002, 0.12266057727887E+00000, 0.12262958635560E+00000, 0.10918277343277E+00001, 0.13653116718486E-00002, 0.13653125143102E-00002, 0.13653119525641E-00002, -.24390559423538E-00005, 0.50559715632062E+00001, 0.10000143844843E+00001, 0.28596104312635E+00000, -.10671774827850E+00002, 0.13653108293870E-00002, 0.11234921475670E-00008
0.33901698344103E+00001, 0.13885205233059E-00002, 0.13898155355333E-00002, 0.12261900457576E+00000, 0.12258788973430E+00000, 0.11103725221608E+00001, 0.13885199426850E-00002, 0.13885205233059E-00002, 0.13885201361038E-00002, 0.12953994294734E-00005, 0.52398569768463E+00001, 0.10000146213648E+00001, 0.28591257938486E+00000, -.10671775416094E+00002, 0.13885193620642E-00002, 0.77440413188490E-00009
0.34204513623269E+00001, 0.14123649558627E-00002, 0.14127205976760E-00002, 0.12257698394838E+00000, 0.12254545192590E+00000, 0.11294230116323E+00001, 0.14123643209176E-00002, 0.14123649558627E-00002, 0.14123645324202E-00002, 0.35606525580242E-00006, 0.54469307588136E+00001, 0.10000148628630E+00001, 0.28586358512220E+00000, -.10671776014265E+00002, 0.14123636859724E-00002, 0.84688506721033E-00009
0.34507311738905E+00001, 0.14368881938719E-00002, 0.14339348160555E-00002, 0.12253424570316E+00000, 0.12250234945446E+00000, 0.11490162141783E+00001, 0.14368876158804E-00002, 0.14368881938719E-00002, 0.14368878083609E-00002, -.29529923053261E-00005, 0.56691446343636E+00001, 0.10000151087187E+00001, 0.28581374553271E+00000, -.10671776622657E+00002, 0.14368870378890E-00002, 0.77102214804401E-00009
0.34810099315203E+00001, 0.14621377773131E-00002, 0.14547294336324E-00002, 0.12249056682193E+00000, 0.12245862077189E+00000, 0.11691914123074E+00001, 0.14621369929051E-00002, 0.14621377773131E-00002, 0.14621372541322E-00002, -.74078204998749E-00005, 0.59089164741743E+00001, 0.10000153587856E+00001, 0.28576280003053E+00000, -.10671777241591E+00002, 0.14621362084972E-00002, 0.10463616928846E-00008
0.35000000000000E+00001, 0.14783732252594E-00002, 0.14696223714434E-00002, 0.12246269103172E+00000, 0.12243085739041E+00000, 0.11821646733446E+00001, 0.14783721612572E-00002, 0.14783732252594E-00002, 0.14783725156305E-00002, -.87501441870884E-00005, 0.60682763816516E+00001, 0.10000155180108E+00001, 0.28573028194636E+00000, -.10671777635303E+00002, 0.14783710972551E-00002, 0.14192578428839E-00008
0.35111652221862E+00001, 0.14880552936601E-00002, 0.14794609224658E-00002, 0.12244614551912E+00000, 0.12241439453520E+00000, 0.11899014529787E+00001, 0.14880541194896E-00002, 0.14880552936601E-00002, 0.14880545105486E-00002, -.85935880827998E-00005, 0.61686517667399E+00001, 0.10000156125567E+00001, 0.28571097927698E+00000, -.10671777868821E+00002, 0.14880529453193E-00002, 0.15662231903175E-00008
0.35414442103186E+00001, 0.15149027503991E-00002, 0.15097230449301E-00002, 0.12240078564448E+00000, 0.12236915078735E+00000, 0.12113543921768E+00001, 0.15149017157736E-00002, 0.15149027503991E-00002, 0.15149020601864E-00002, -.51790152563032E-00005, 0.64568531991300E+00001, 0.10000158723560E+00001, 0.28565805390885E+00000, -.10671778509834E+00002, 0.15149006811482E-00002, 0.13804254923684E-00008
0.35717187084110E+00001, 0.15426266969664E-00002, 0.15432513022624E-00002, 0.12235481253123E+00000, 0.12232294273401E+00000, 0.12335048558019E+00001, 0.15426260103772E-00002, 0.15426266969664E-00002, 0.15426262385936E-00002, 0.62506366880808E-00006, 0.67717853120475E+00001, 0.10000161363669E+00001, 0.28560440301371E+00000, -.10671779162351E+00002, 0.15426253237881E-00002, 0.91674548018428E-00009
0.36019727082608E+00001, 0.15712718550727E-00002, 0.15777469338479E-00002, 0.12230816572534E+00000, 0.12227572865810E+00000, 0.12563871334863E+00001, 0.15712711503554E-00002, 0.15712718550727E-00002, 0.15712713843665E-00002, 0.64755494814591E-00005, 0.71050873653449E+00001, 0.10000164036511E+00001, 0.28554995561237E+00000, -.10671779826409E+00002, 0.15712704456381E-00002, 0.94141242478446E-00009
0.36322061477924E+00001, 0.16008997504001E-00002, 0.16076157701892E-00002, 0.12226064660873E+00000, 0.12222755562014E+00000, 0.12800518848210E+00001, 0.16008990215623E-00002, 0.16008997504001E-00002, 0.16008992632923E-00002, 0.67165068969632E-00005, 0.74687350375107E+00001, 0.10000166750908E+00001, 0.28549447934970E+00000, -.10671780502401E+00002, 0.16008982927245E-00002, 0.97421544144743E-00009
0.36624202174480E+00001, 0.16315780756214E-00002, 0.16296331870855E-00002, 0.12221224352525E+00000, 0.12217863741223E+00000, 0.13045547122009E+00001, 0.16315772621318E-00002, 0.16315780756214E-00002, 0.16315775316770E-00002, -.19443445915027E-00005, 0.78493283358422E+00001, 0.10000169531678E+00001, 0.28543796001379E+00000, -.10671781190774E+00002, 0.16315764486423E-00002, 0.10878889349471E-00008
0.36926093183063E+00001, 0.16633696875262E-00002, 0.16540411707210E-00002, 0.12216304298746E+00000, 0.12212909669373E+00000, 0.13299463883023E+00001, 0.16633684145179E-00002, 0.16633696875262E-00002, 0.16633688367450E-00002, -.93276660239876E-00005, 0.82618908724505E+00001, 0.10000172391197E+00001, 0.28538049803430E+00000, -.10671781891839E+00002, 0.16633671415096E-00002, 0.17015619388980E-00008
0.37227730532203E+00001, 0.16963388262296E-00002, 0.16911853903140E-00002, 0.12211292869612E+00000, 0.12207867647605E+00000, 0.13562785088828E+00001, 0.16963374891732E-00002, 0.16963388262296E-00002, 0.16963379321593E-00002, -.51525418453379E-00005, 0.87024812563887E+00001, 0.10000175311804E+00001, 0.28532195697273E+00000, -.10671782606046E+00002, 0.16963361521168E-00002, 0.17881405289943E-00008
0.37529060879991E+00001, 0.17305426172558E-00002, 0.17361676362272E-00002, 0.12206175754162E+00000, 0.12202704370047E+00000, 0.13835938494138E+00001, 0.17305416607502E-00002, 0.17305426172558E-00002, 0.17305419761744E-00002, 0.56256600528194E-00005, 0.91855916262131E+00001, 0.10000178265781E+00001, 0.28526216893894E+00000, -.10671783333752E+00002, 0.17305407042443E-00002, 0.12821629161975E-00008
0.37830079991369E+00001, 0.17660434472354E-00002, 0.17788599539061E-00002, 0.12200955051583E+00000, 0.12197412350337E+00000, 0.14119384598929E+00001, 0.17660425519888E-00002, 0.17660434472354E-00002, 0.17660428461199E-00002, 0.12817107786263E-00004, 0.96794640658576E+00001, 0.10000181248471E+00001, 0.28520115768328E+00000, -.10671784075455E+00002, 0.17660416567421E-00002, 0.12022311125595E-00008
0.38130809128813E+00001, 0.18029055538012E-00002, 0.18137327553261E-00002, 0.12195640461852E+00000, 0.12192008211469E+00000, 0.14413642310004E+00001, 0.18029046217217E-00002, 0.18029055538012E-00002, 0.18029049270227E-00002, 0.10827828303375E-00004, 0.10184532144325E+00002, 0.10000184282825E+00001, 0.28513903581530E+00000, -.10671784831733E+00002, 0.18029036896421E-00002, 0.12535571877570E-00008
0.38431266183003E+00001, 0.18411931735171E-00002, 0.18433924639089E-00002, 0.12190236763666E+00000, 0.12186514050843E+00000, 0.14719252584432E+00001, 0.18411922160735E-00002, 0.18411931735171E-00002, 0.18411925283666E-00002, 0.21999355423045E-00005, 0.10738215810400E+00002, 0.10000187396874E+00001, 0.28507585848526E+00000, -.10671785603188E+00002, 0.18411912586299E-00002, 0.12903009233639E-00008
0.38731469623086E+00001, 0.18809668825782E-00002, 0.18794296519914E-00002, 0.12184730668207E+00000, 0.12180929093792E+00000, 0.15036711879322E+00001, 0.18809655218192E-00002, 0.18809668825782E-00002, 0.18809659665443E-00002, -.15363145528868E-00005, 0.11305373149649E+00002, 0.10000190598363E+00001, 0.28501146957279E+00000, -.10671786390437E+00002, 0.18809641610599E-00002, 0.18320681822431E-00008
0.39031434925237E+00001, 0.19222746259034E-00002, 0.19281272055509E-00002, 0.12179092810575E+00000, 0.12175220933257E+00000, 0.15366393905876E+00001, 0.19222729741836E-00002, 0.19222746259034E-00002, 0.19222735130665E-00002, 0.58536924844665E-00005, 0.11903148358874E+00002, 0.10000193871953E+00001, 0.28494552474202E+00000, -.10671787194122E+00002, 0.19222713224637E-00002, 0.22256739318174E-00008
0.39331183357135E+00001, 0.19651532825467E-00002, 0.19800533704037E-00002, 0.12173311662697E+00000, 0.12169362597852E+00000, 0.15708550036899E+00001, 0.19651518963610E-00002, 0.19651532825467E-00002, 0.19651523426997E-00002, 0.14901027704000E-00004, 0.12518062304440E+00002, 0.10000197201571E+00001, 0.28487788802336E+00000, -.10671788014918E+00002, 0.19651505101754E-00002, 0.18796940503938E-00008
0.39630735220980E+00001, 0.20096342927090E-00002, 0.20255484477530E-00002, 0.12167409076922E+00000, 0.12163361391298E+00000, 0.16063372730436E+00001, 0.20096330448889E-00002, 0.20096342927090E-00002, 0.20096334393932E-00002, 0.15915008359803E-00004, 0.13095755036092E+00002, 0.10000200588265E+00001, 0.28480881396617E+00000, -.10671788853518E+00002, 0.20096317970690E-00002, 0.17066313009935E-00008
0.39930106528976E+00001, 0.20557445962798E-00002, 0.20675167681412E-00002, 0.12161404187490E+00000, 0.12157234630040E+00000, 0.16431065779958E+00001, 0.20557432015798E-00002, 0.20557445962798E-00002, 0.20557436370732E-00002, 0.11773131068035E-00004, 0.13618138193196E+00002, 0.10000204045574E+00001, 0.28473852552227E+00000, -.10671789710609E+00002, 0.20557418068797E-00002, 0.19184129987023E-00008
0.40000000000000E+00001, 0.20667630583295E-00002, 0.20775627465216E-00002, 0.12159986321217E+00000, 0.12155786058552E+00000, 0.16518915576820E+00001, 0.20667616471428E-00002, 0.20667630583295E-00002, 0.20667620858665E-00002, 0.10800660655046E-00004, 0.13730864648537E+00002, 0.10000204864867E+00001, 0.28472192657887E+00000, -.10671789913521E+00002, 0.20667602359560E-00002, 0.19449259505488E-00008
0.40228127662973E+00001, 0.21033129248858E-00002, 0.21121362196094E-00002, 0.12155309913775E+00000, 0.12151007698025E+00000, 0.16810299750903E+00001, 0.21033114851545E-00002, 0.21033129248858E-00002, 0.21033119247436E-00002, 0.88242948658186E-00005, 0.14099872069398E+00002, 0.10000207574365E+00001, 0.28466717307263E+00000, -.10671790583385E+00002, 0.21033100454235E-00002, 0.20002843499024E-00008
0.40527172375871E+00001, 0.21527264671435E-00002, 0.21636395388290E-00002, 0.12149047803922E+00000, 0.12144616340824E+00000, 0.17204186304592E+00001, 0.21527247126928E-00002, 0.21527264671435E-00002, 0.21527252424887E-00002, 0.10914296340270E-00004, 0.14693793640206E+00002, 0.10000211212837E+00001, 0.28459383694337E+00000, -.10671791479455E+00002, 0.21527229582420E-00002, 0.24493095731076E-00008
0.40826056204572E+00001, 0.22037896383194E-00002, 0.22217844070422E-00002, 0.12142614344125E+00000, 0.12138063602335E+00000, 0.17611163124887E+00001, 0.22037874432179E-00002, 0.22037896383194E-00002, 0.22037881010940E-00002, 0.17996305948197E-00004, 0.15332199058048E+00002, 0.10000214946127E+00001, 0.28451847443386E+00000, -.10671792396047E+00002, 0.22037852481164E-00002, 0.30744507362795E-00008
0.41124670161136E+00001, 0.22564566802188E-00002, 0.22798632350121E-00002, 0.12136008799832E+00000, 0.12131341250680E+00000, 0.18030826013487E+00001, 0.22564545326622E-00002, 0.22564566802188E-00002, 0.22564551515212E-00002, 0.23408083490940E-00004, 0.15911577669291E+00002, 0.10000218760904E+00001, 0.28444107532530E+00000, -.10671793333467E+00002, 0.22564523851056E-00002, 0.30573956202241E-00008
0.41422997695814E+00001, 0.23106878515899E-00002, 0.23338497535162E-00002, 0.12129254957330E+00000, 0.12124458433735E+00000, 0.18462784218144E+00001, 0.23106858300548E-00002, 0.23106878515899E-00002, 0.23106863777200E-00002, 0.23163375796133E-00004, 0.16600204730179E+00002, 0.10000222645098E+00001, 0.28436191678129E+00000, -.10671794292276E+00002, 0.23106838085196E-00002, 0.29477402838800E-00008
0.41721057493791E+00001, 0.23664418238656E-00002, 0.23885767404922E-00002, 0.12122368555178E+00000, 0.12117421403729E+00000, 0.18906659692571E+00001, 0.23664395190295E-00002, 0.23664418238656E-00002, 0.23664401236674E-00002, 0.22136616824843E-00004, 0.17273944088758E+00002, 0.10000226599289E+00001, 0.28428118187431E+00000, -.10671795273135E+00002, 0.23664372141935E-00002, 0.34003964230084E-00008
0.42018863810585E+00001, 0.24236673267629E-00002, 0.24475813580740E-00002, 0.12115335006699E+00000, 0.12110220862331E+00000, 0.19362063811869E+00001, 0.24236647258022E-00002, 0.24236673267629E-00002, 0.24236653852492E-00002, 0.23915972824806E-00004, 0.17981405416689E+00002, 0.10000230640195E+00001, 0.28419869817551E+00000, -.10671796276676E+00002, 0.24236621248415E-00002, 0.38830275639854E-00008
0.42316433257910E+00001, 0.24823008172516E-00002, 0.25085197049558E-00002, 0.12108127216209E+00000, 0.12102846930288E+00000, 0.19828535809783E+00001, 0.24822979485240E-00002, 0.24823008172516E-00002, 0.24822986513837E-00002, 0.26221053572062E-00004, 0.18674498683605E+00002, 0.10000234791660E+00001, 0.28411414626530E+00000, -.10671797303516E+00002, 0.24822950797964E-00002, 0.43317360543715E-00008
0.42613768124208E+00001, 0.25422547921796E-00002, 0.25715656475599E-00002, 0.12100728191447E+00000, 0.12095295043756E+00000, 0.20305392318645E+00001, 0.25422513269273E-00002, 0.25422547921796E-00002, 0.25422521806867E-00002, 0.29313466873182E-00004, 0.19367026761766E+00002, 0.10000239064663E+00001, 0.28402732487617E+00000, -.10671798354191E+00002, 0.25422478616747E-00002, 0.52229856240788E-00008
0.42910741561229E+00001, 0.26033944157568E-00002, 0.26375465227008E-00002, 0.12093140082180E+00000, 0.12087560227124E+00000, 0.20791534315370E+00001, 0.26033905752921E-00002, 0.26033944157568E-00002, 0.26033915018723E-00002, 0.34155020828493E-00004, 0.20127395822373E+00002, 0.10000243444192E+00001, 0.28393825716377E+00000, -.10671799428727E+00002, 0.26033867348277E-00002, 0.58277690490010E-00008
0.43207381343440E+00001, 0.26655997619472E-00002, 0.27027275715414E-00002, 0.12085379721906E+00000, 0.12079638546806E+00000, 0.21285953560223E+00001, 0.26655958864685E-00002, 0.26655997619472E-00002, 0.26655967691762E-00002, 0.37130802365239E-00004, 0.20989805808473E+00002, 0.10000247906460E+00001, 0.28384713869624E+00000, -.10671800527646E+00002, 0.26655920109898E-00002, 0.59855420944667E-00008
0.43503848225517E+00001, 0.27287648712638E-00002, 0.27663633040254E-00002, 0.12077459248861E+00000, 0.12071531018037E+00000, 0.21787776483101E+00001, 0.27287606348419E-00002, 0.27287648712638E-00002, 0.27287615830714E-00002, 0.37601720953966E-00004, 0.21454416407733E+00002, 0.10000252441522E+00001, 0.28375411008901E+00000, -.10671801651937E+00002, 0.27287563984199E-00002, 0.65763848062851E-00008
0.43799828372598E+00001, 0.27926770481842E-00002, 0.28306337254176E-00002, 0.12069375202623E+00000, 0.12063247767402E+00000, 0.22295358489912E+00001, 0.27926724109508E-00002, 0.27926770481842E-00002, 0.27926734447792E-00002, 0.37960280638382E-00004, 0.22097724439541E+00002, 0.10000257054787E+00001, 0.28365912879867E+00000, -.10671802800721E+00002, 0.27926677737176E-00002, 0.72068100586827E-00008
0.44095115382259E+00001, 0.28571519545541E-00002, 0.28960453362534E-00002, 0.12061104948978E+00000, 0.12054792608377E+00000, 0.22807316736079E+00001, 0.28571470591926E-00002, 0.28571519545541E-00002, 0.28571481391816E-00002, 0.38897197071808E-00004, 0.22417217817169E+00002, 0.10000261768561E+00001, 0.28356192679293E+00000, -.10671803973379E+00002, 0.28571421638312E-00002, 0.76307451377387E-00008
0.44389909850122E+00001, 0.29220805299725E-00002, 0.29646870425061E-00002, 0.12052624039452E+00000, 0.12046154527769E+00000, 0.23322844827520E+00001, 0.29220749800854E-00002, 0.29220805299725E-00002, 0.29220762311103E-00002, 0.42610811395824E-00004, 0.23068874445051E+00002, 0.10000266604045E+00001, 0.28346221428910E+00000, -.10671805170824E+00002, 0.29220694301983E-00002, 0.85977240597136E-00008
0.44684490835847E+00001, 0.29873488553452E-00002, 0.30357559042711E-00002, 0.12043926186134E+00000, 0.12037315547098E+00000, 0.23841071202153E+00001, 0.29873426079944E-00002, 0.29873488553452E-00002, 0.29873440205523E-00002, 0.48411883718835E-00004, 0.23864273199819E+00002, 0.10000271557916E+00001, 0.28335991466842E+00000, -.10671806394305E+00002, 0.29873363606438E-00002, 0.96695858390730E-00008
0.44979073861015E+00001, 0.30528769659355E-00002, 0.31017293659096E-00002, 0.12035031767097E+00000, 0.12028272698214E+00000, 0.24361365645265E+00001, 0.30528706411437E-00002, 0.30528769659355E-00002, 0.30528720039522E-00002, 0.48857361957424E-00004, 0.23538170114028E+00002, 0.10000276608362E+00001, 0.28325526493603E+00000, -.10671807644834E+00002, 0.30528643163521E-00002, 0.99239665288771E-00008
0.45000000000000E+00001, 0.30575570016851E-00002, 0.31061146676757E-00002, 0.12034393421305E+00000, 0.12027623108628E+00000, 0.24398525257493E+00001, 0.30575506875799E-00002, 0.30575570016851E-00002, 0.30575520424694E-00002, 0.48562625206330E-00004, 0.23555777497838E+00002, 0.10000276970194E+00001, 0.28324775281610E+00000, -.10671807734697E+00002, 0.30575443734751E-00002, 0.99184312245006E-00008
0.45272267711388E+00001, 0.31182857416379E-00002, 0.31611691957055E-00002, 0.12026014770382E+00000, 0.12019090114944E+00000, 0.24880699794932E+00001, 0.31182795009860E-00002, 0.31182857416379E-00002, 0.31182807959581E-00002, 0.42888399747432E-00004, 0.23624694267607E+00002, 0.10000281712346E+00001, 0.28314913350131E+00000, -.10671808916400E+00002, 0.31182732603343E-00002, 0.98913593049706E-00008
0.45566329964554E+00001, 0.31839813331029E-00002, 0.32241665243910E-00002, 0.12016800878143E+00000, 0.12009702789105E+00000, 0.25402292053708E+00001, 0.31839749478537E-00002, 0.31839813331029E-00002, 0.31839762851445E-00002, 0.40190239246461E-00004, 0.23607244210641E+00002, 0.10000286911277E+00001, 0.28304064346712E+00000, -.10671810218783E+00002, 0.31839685626045E-00002, 0.10095916690805E-00007
0.45860229813667E+00001, 0.32495998221857E-00002, 0.32942427053583E-00002, 0.12007385356369E+00000, 0.12000124313606E+00000, 0.25923271787481E+00001, 0.32495933025239E-00002, 0.32495998221857E-00002, 0.32495946732020E-00002, 0.44648032156315E-00004, 0.23510604579793E+00002, 0.10000292208661E+00001, 0.28292973634654E+00000, -.10671811547531E+00002, 0.32495867828622E-00002, 0.10297967223901E-00007
0.46154083538048E+00001, 0.33150691512922E-00002, 0.33647264961586E-00002, 0.11997744683369E+00000, 0.11990338797403E+00000, 0.26443101242233E+00001, 0.33150622649979E-00002, 0.33150691512922E-00002, 0.33150637221469E-00002, 0.49662774011723E-00004, 0.23264010648584E+00002, 0.10000297632566E+00001, 0.28281613206426E+00000, -.10671812903108E+00002, 0.33150553787036E-00002, 0.10858290436050E-00007
0.46447891192748E+00001, 0.33803305508154E-00002, 0.34297318623829E-00002, 0.11987891505678E+00000, 0.11980354855170E+00000, 0.26961377260943E+00001, 0.33803231753508E-00002, 0.33803305508154E-00002, 0.33803247423330E-00002, 0.49407120049877E-00004, 0.23475375019320E+00002, 0.10000303190825E+00001, 0.28269997648483E+00000, -.10671814285429E+00002, 0.33803157998859E-00002, 0.11616964941806E-00007
0.46741676777839E+00001, 0.34453259458502E-00002, 0.34881726615055E-00002, 0.11977850498371E+00000, 0.11970190664257E+00000, 0.27477710923314E+00001, 0.34453186746932E-00002, 0.34453259458502E-00002, 0.34453201760137E-00002, 0.42852485491811E-00004, 0.22745331989545E+00002, 0.10000308863493E+00001, 0.28258155752952E+00000, -.10671815694488E+00002, 0.34453114035359E-00002, 0.11539672899531E-00007
0.47035488782659E+00001, 0.35100170775888E-00002, 0.35450617614738E-00002, 0.11967637557305E+00000, 0.11959858131722E+00000, 0.27991820163753E+00001, 0.35100102443867E-00002, 0.35100170775888E-00002, 0.35100116084159E-00002, 0.35050153057832E-00004, 0.22929871086353E+00002, 0.10000314619634E+00001, 0.28246105993930E+00000, -.10671817130386E+00002, 0.35100034111849E-00002, 0.10938345875017E-00007
0.47329367205326E+00001, 0.35743080521425E-00002, 0.36076560306620E-00002, 0.11957246908509E+00000, 0.11949348763026E+00000, 0.28502922483982E+00001, 0.35743013724324E-00002, 0.35743080521425E-00002, 0.35743027126574E-00002, 0.33353318004572E-00004, 0.22796781290060E+00002, 0.10000320444659E+00001, 0.28233841288436E+00000, -.10671818593177E+00002, 0.35742946927224E-00002, 0.10678969940727E-00007
0.47623345904698E+00001, 0.36381022126990E-00002, 0.36738541272962E-00002, 0.11946661124209E+00000, 0.11938644583812E+00000, 0.29010239085394E+00001, 0.36380957478461E-00002, 0.36381022126990E-00002, 0.36380970557869E-00002, 0.35757071509321E-00004, 0.22527774250650E+00002, 0.10000326355560E+00001, 0.28221340771609E+00000, -.10671820082857E+00002, 0.36380892829934E-00002, 0.10313823883084E-00007
0.47917455035405E+00001, 0.37012941067551E-00002, 0.37354020523954E-00002, 0.11935875610610E+00000, 0.11927746403824E+00000, 0.29512937250407E+00001, 0.37012878455259E-00002, 0.37012941067551E-00002, 0.37012891202234E-00002, 0.34112932172005E-00004, 0.22284457443177E+00002, 0.10000332388361E+00001, 0.28208598701589E+00000, -.10671821599370E+00002, 0.37012815842969E-00002, 0.99730634741066E-00008
0.48211724453835E+00001, 0.37637583280977E-00002, 0.37924918584687E-00002, 0.11924895378372E+00000, 0.11916669120327E+00000, 0.30010037960409E+00001, 0.37637518721589E-00002, 0.37637583280977E-00002, 0.37637532330072E-00002, 0.28738625461490E-00004, 0.21990090150560E+00002, 0.10000338564172E+00001, 0.28195620674580E+00000, -.10671823142618E+00002, 0.37637454162198E-00002, 0.10190181068411E-00007
0.48506187235272E+00001, 0.38253800871541E-00002, 0.38506753113452E-00002, 0.11913718293646E+00000, 0.11905415643104E+00000, 0.30500657777969E+00001, 0.38253736198919E-00002, 0.38253800871541E-00002, 0.38253750004096E-00002, 0.25300310935620E-00004, 0.21637715171692E+00002, 0.10000344868115E+00001, 0.28182403840749E+00000, -.10671824712478E+00002, 0.38253671526297E-00002, 0.10173489282771E-00007
0.48800879418815E+00001, 0.38860639836514E-00002, 0.39089454776583E-00002, 0.11902346841986E+00000, 0.11893980767667E+00000, 0.30984051264321E+00001, 0.38860580042896E-00002, 0.38860639836514E-00002, 0.38860592418299E-00002, 0.22886235828436E-00004, 0.21303366543719E+00002, 0.10000351266078E+00001, 0.28168950805199E+00000, -.10671826308803E+00002, 0.38860520249272E-00002, 0.94836428499891E-00008
0.49095590039066E+00001, 0.39456689509189E-00002, 0.39637307628493E-00002, 0.11890810558239E+00000, 0.11882378196471E+00000, 0.31459082758158E+00001, 0.39456632752439E-00002, 0.39456689509189E-00002, 0.39456644342413E-00002, 0.18066328608007E-00004, 0.20969540404860E+00002, 0.10000357732732E+00001, 0.28155296195966E+00000, -.10671827930060E+00002, 0.39456575995679E-00002, 0.90333556993837E-00008
0.49390246255213E+00001, 0.40040782368832E-00002, 0.40154732240036E-00002, 0.11879131793789E+00000, 0.11870621367099E+00000, 0.31924802438963E+00001, 0.40040726232561E-00002, 0.40040782368832E-00002, 0.40040737836048E-00002, 0.11399440398812E-00004, 0.20770478301783E+00002, 0.10000364274466E+00001, 0.28141466194673E+00000, -.10671829575378E+00002, 0.40040670096291E-00002, 0.89065568037560E-00008
0.49684950225486E+00001, 0.40612397771669E-00002, 0.40674837803632E-00002, 0.11867303108346E+00000, 0.11858710887491E+00000, 0.32380755627379E+00001, 0.40612343432277E-00002, 0.40612397771669E-00002, 0.40612354772452E-00002, 0.62483031179438E-00005, 0.20628405237349E+00002, 0.10000370918822E+00001, 0.28127451725252E+00000, -.10671831244823E+00002, 0.40612289092885E-00002, 0.85998430579931E-00008
0.49979769214607E+00001, 0.41171375489293E-00002, 0.41246287475775E-00002, 0.11855295705676E+00000, 0.11846635903327E+00000, 0.32826753264353E+00001, 0.41171321742825E-00002, 0.41171375489293E-00002, 0.41171333380453E-00002, 0.74954095322743E-00005, 0.20500092971502E+00002, 0.10000377685695E+00001, 0.28113218368680E+00000, -.10671832938264E+00002, 0.41171267996354E-00002, 0.84217674747725E-00008
0.50000000000000E+00001, 0.41209395146474E-00002, 0.41288031510494E-00002, 0.11854464549569E+00000, 0.11845800992812E+00000, 0.32857092112409E+00001, 0.41209341347894E-00002, 0.41209395146474E-00002, 0.41209353036691E-00002, 0.78678473803098E-00005, 0.20493147994072E+00002, 0.10000378154442E+00001, 0.28112232864679E+00000, -.10671833055311E+00002, 0.41209287549314E-00002, 0.84219565169892E-00008
0.50274550502554E+00001, 0.41716961563109E-00002, 0.41860133642858E-00002, 0.11843088880103E+00000, 0.11834386122216E+00000, 0.33262166718601E+00001, 0.41716907249299E-00002, 0.41716961563109E-00002, 0.41716919486781E-00002, 0.14321415607675E-00004, 0.20385749818038E+00002, 0.10000384565456E+00001, 0.28098741229342E+00000, -.10671834654294E+00002, 0.41716852935495E-00002, 0.84152657479159E-00008
0.50569388571004E+00001, 0.42248899825469E-00002, 0.42404120355897E-00002, 0.11830687608222E+00000, 0.11821960087405E+00000, 0.33686823748266E+00001, 0.42248848145277E-00002, 0.42248899825469E-00002, 0.42248859799032E-00002, 0.15526055686488E-00004, 0.20262431704935E+00002, 0.10000391534720E+00001, 0.28084025837027E+00000, -.10671836392910E+00002, 0.42248796465080E-00002, 0.80052870980199E-00008
0.50864293074080E+00001, 0.42767290373038E-00002, 0.42810833933293E-00002, 0.11818141426791E+00000, 0.11809391608124E+00000, 0.34100842074757E+00001, 0.42767242430802E-00002, 0.42767290373038E-00002, 0.42767253194643E-00002, 0.43580738650018E-00005, 0.20092604672796E+00002, 0.10000398570177E+00001, 0.28069130644169E+00000, -.10671838153620E+00002, 0.42767194488571E-00002, 0.74356780233505E-00008
0.51159237196370E+00001, 0.43272238782426E-00002, 0.43188342552252E-00002, 0.11805490367638E+00000, 0.11796710030628E+00000, 0.34504291417405E+00001, 0.43272192476895E-00002, 0.43272238782426E-00002, 0.43272203101728E-00002, -.83860549476224E-00005, 0.19924659405476E+00002, 0.10000405666285E+00001, 0.28054102929445E+00000, -.10671839935718E+00002, 0.43272146171362E-00002, 0.71361393785666E-00008
0.51454322491994E+00001, 0.43763849799692E-00002, 0.43676636849557E-00002, 0.11792714304369E+00000, 0.11783896617625E+00000, 0.34897174354771E+00001, 0.43763805918600E-00002, 0.43763849799692E-00002, 0.43763816107268E-00002, -.87179257710478E-00005, 0.20339811418935E+00002, 0.10000412840014E+00001, 0.28038918553050E+00000, -.10671841739283E+00002, 0.43763762037511E-00002, 0.67384848787745E-00008
0.51749627748393E+00001, 0.44242126206666E-00002, 0.44264687725798E-00002, 0.11779764971531E+00000, 0.11770912461674E+00000, 0.35279389363218E+00001, 0.44242084223959E-00002, 0.44242126206666E-00002, 0.44242094113335E-00002, 0.22593612462469E-00005, 0.20715204134602E+00002, 0.10000420113791E+00001, 0.28023519849740E+00000, -.10671843564272E+00002, 0.44242042241249E-00002, 0.64186658472140E-00008
0.52045028159887E+00001, 0.44706833488532E-00002, 0.44823341151515E-00002, 0.11766627541648E+00000, 0.11757751210271E+00000, 0.35650720228272E+00001, 0.44706790176501E-00002, 0.44706833488532E-00002, 0.44706800818093E-00002, 0.11654033342186E-00004, 0.21078292969036E+00002, 0.10000427491488E+00001, 0.28007888819222E+00000, -.10671845409384E+00002, 0.44706746864469E-00002, 0.65340879923584E-00008
0.52340355285473E+00001, 0.45157857284628E-00002, 0.45241033566479E-00002, 0.11753335519480E+00000, 0.11744447619192E+00000, 0.36011152710708E+00001, 0.45157814471658E-00002, 0.45157857284628E-00002, 0.45157825228951E-00002, 0.83208337528531E-00005, 0.21357753556956E+00002, 0.10000434954550E+00001, 0.27992064970250E+00000, -.10671847273003E+00002, 0.45157771658682E-00002, 0.64111359559274E-00008
0.52635640317055E+00001, 0.45595586302672E-00002, 0.45544242130953E-00002, 0.11739936322007E+00000, 0.11731042348858E+00000, 0.36361073324487E+00001, 0.45595547065770E-00002, 0.45595586302672E-00002, 0.45595556876992E-00002, -.51314746039538E-00005, 0.21849033952574E+00002, 0.10000442480771E+00001, 0.27976104472695E+00000, -.10671849154761E+00002, 0.45595507828867E-00002, 0.58851360058180E-00008
0.52930919520920E+00001, 0.46020488024714E-00002, 0.45891355231687E-00002, 0.11726450079608E+00000, 0.11717545496781E+00000, 0.36700831764708E+00001, 0.46020450656386E-00002, 0.46020488024714E-00002, 0.46020460039897E-00002, -.12910480820990E-00004, 0.22286800712835E+00002, 0.10000450056448E+00001, 0.27960031091552E+00000, -.10671851054348E+00002, 0.46020413288061E-00002, 0.55969633054643E-00008
0.53226228157980E+00001, 0.46433018649436E-00002, 0.46369740313610E-00002, 0.11712849845580E+00000, 0.11703925059623E+00000, 0.37030698104109E+00001, 0.46432982183433E-00002, 0.46433018649436E-00002, 0.46432991407999E-00002, -.63251094388998E-00005, 0.22709200975825E+00002, 0.10000457683393E+00001, 0.27943812488134E+00000, -.10671852971476E+00002, 0.46432945717432E-00002, 0.54482870985802E-00008
0.53521597799634E+00001, 0.46833744284304E-00002, 0.46877267503061E-00002, 0.11699100900596E+00000, 0.11690152238207E+00000, 0.37351060827705E+00001, 0.46833709290578E-00002, 0.46833744284304E-00002, 0.46833718139907E-00002, 0.43549363154222E-00005, 0.23013932342570E+00002, 0.10000465376346E+00001, 0.27927406969493E+00000, -.10671854905857E+00002, 0.46833674296852E-00002, 0.52288794162452E-00008
0.53817049501686E+00001, 0.47223502858864E-00002, 0.47285113461197E-00002, 0.11685201561041E+00000, 0.11676238652739E+00000, 0.37662628856017E+00001, 0.47223467226924E-00002, 0.47223502858864E-00002, 0.47223476409132E-00002, 0.61637052064177E-00005, 0.23367644063317E+00002, 0.10000473151592E+00001, 0.27910812195326E+00000, -.10671856857164E+00002, 0.47223431594988E-00002, 0.52899467649467E-00008
0.54112439676673E+00001, 0.47603193307331E-00002, 0.47598354767433E-00002, 0.11671182530897E+00000, 0.11662223179275E+00000, 0.37966227926994E+00001, 0.47603156703618E-00002, 0.47603193307331E-00002, 0.47603166331786E-00002, -.48115643525676E-00006, 0.23761792903002E+00002, 0.10000481008166E+00001, 0.27894064519054E+00000, -.10671858824010E+00002, 0.47603120099909E-00002, 0.53951097140432E-00008
0.54407735212051E+00001, 0.47974002862532E-00002, 0.47900300261012E-00002, 0.11657067596289E+00000, 0.11648123399558E+00000, 0.38262850539561E+00001, 0.47973968736319E-00002, 0.47974002862532E-00002, 0.47973977636664E-00002, -.73677375651997E-00005, 0.24343440732661E+00002, 0.10000488930315E+00001, 0.27877192106678E+00000, -.10671860805769E+00002, 0.47973934610103E-00002, 0.50451739417415E-00008
0.54702977352593E+00001, 0.48337261140712E-00002, 0.48248732048002E-00002, 0.11642863771945E+00000, 0.11633930924018E+00000, 0.38553469631318E+00001, 0.48337229410262E-00002, 0.48337261140712E-00002, 0.48337237575209E-00002, -.88505527206424E-00005, 0.24787392721518E+00002, 0.10000496897165E+00001, 0.27860203124343E+00000, -.10671862802367E+00002, 0.48337197679810E-00002, 0.47131005140328E-00008
0.54998206601859E+00001, 0.48694343795912E-00002, 0.48644707458444E-00002, 0.11628563865332E+00000, 0.11619628477851E+00000, 0.38839057900202E+00001, 0.48694311787177E-00002, 0.48694343795912E-00002, 0.48694320089567E-00002, -.49612631122986E-00005, 0.25188524401655E+00002, 0.10000504897882E+00001, 0.27843088747877E+00000, -.10671864813794E+00002, 0.48694279778444E-00002, 0.47412681634707E-00008
0.55000000000000E+00001, 0.48696588803970E-00002, 0.48647274678287E-00002, 0.11628476679385E+00000, 0.11619541234603E+00000, 0.38840852961913E+00001, 0.48696556792192E-00002, 0.48696588803970E-00002, 0.48696565095884E-00002, -.49290417596864E-00005, 0.25191534054880E+00002, 0.10000504946596E+00001, 0.27842984369957E+00000, -.10671864826057E+00002, 0.48696524780411E-00002, 0.47416178115991E-00008
0.55293410253122E+00001, 0.49046663108120E-00002, 0.49041979709274E-00002, 0.11614157270515E+00000, 0.11605208856553E+00000, 0.39120706719092E+00001, 0.49046631490689E-00002, 0.49046663108120E-00002, 0.49046639715219E-00002, -.46600059448632E-00006, 0.25571899129528E+00002, 0.10000512941442E+00001, 0.27825836040768E+00000, -.10671866839737E+00002, 0.49046599873250E-00002, 0.46785801643051E-00008
0.55588729532699E+00001, 0.49395938074246E-00002, 0.49407005184951E-00002, 0.11599631083380E+00000, 0.11590670859262E+00000, 0.39399850121952E+00001, 0.49395907277082E-00002, 0.49395938074246E-00002, 0.49395915302452E-00002, 0.11089882499605E-00005, 0.25915648218908E+00002, 0.10000521055484E+00001, 0.27808429277685E+00000, -.10671868881008E+00002, 0.49395876479922E-00002, 0.45543587890305E-00008
0.55884148287997E+00001, 0.49743758388295E-00002, 0.49750543705484E-00002, 0.11584985172840E+00000, 0.11576023741611E+00000, 0.39677848309549E+00001, 0.49743727079479E-00002, 0.49743758388295E-00002, 0.49743735365381E-00002, 0.68083401033699E-00006, 0.26389336625684E+00002, 0.10000529254448E+00001, 0.27790868011921E+00000, -.10671870937409E+00002, 0.49743695770667E-00002, 0.46045829469205E-00008
0.56179699800564E+00001, 0.50091761491304E-00002, 0.50072976650336E-00002, 0.11570221860805E+00000, 0.11561271214507E+00000, 0.39956067224021E+00001, 0.50091731159072E-00002, 0.50091761491304E-00002, 0.50091739214953E-00002, -.18762564616728E-00005, 0.26675302519956E+00002, 0.10000537529477E+00001, 0.27773154737150E+00000, -.10671873009146E+00002, 0.50091700826848E-00002, 0.44552695142776E-00008
0.56475414845043E+00001, 0.50441569795890E-00002, 0.50366693107897E-00002, 0.11555353081433E+00000, 0.11546419820280E+00000, 0.40235795190620E+00001, 0.50441541595319E-00002, 0.50441569795890E-00002, 0.50441549038877E-00002, -.74855930979775E-00005, 0.26878540088285E+00002, 0.10000545857597E+00001, 0.27755303494928E+00000, -.10671875096485E+00002, 0.50441513394749E-00002, 0.41514026856231E-00008
0.56771316507974E+00001, 0.50794795461508E-00002, 0.50682923650140E-00002, 0.11540388072213E+00000, 0.11531470716157E+00000, 0.40518258966844E+00001, 0.50794767350005E-00002, 0.50794795461508E-00002, 0.50794774861563E-00002, -.11185121142225E-00004, 0.27129408132729E+00002, 0.10000554225442E+00001, 0.27737325120030E+00000, -.10671877199715E+00002, 0.50794739238501E-00002, 0.41199892665027E-00008
0.57067162631808E+00001, 0.51152718295652E-00002, 0.51077454437632E-00002, 0.11525328660231E+00000, 0.11516419738039E+00000, 0.40804407770318E+00001, 0.51152690188896E-00002, 0.51152718295652E-00002, 0.51152697784382E-00002, -.75243346749652E-00005, 0.27318001732065E+00002, 0.10000562634424E+00001, 0.27719221562219E+00000, -.10671879317287E+00002, 0.51152662082140E-00002, 0.41022538015024E-00008
0.57362781656156E+00001, 0.51516661805741E-00002, 0.51519486653131E-00002, 0.11510162124302E+00000, 0.11501254893397E+00000, 0.41095255945747E+00001, 0.51516634749455E-00002, 0.51516661805741E-00002, 0.51516642052206E-00002, 0.28446009243761E-00006, 0.27384910751859E+00002, 0.10000571100998E+00001, 0.27700977268322E+00000, -.10671881448179E+00002, 0.51516607693168E-00002, 0.39507069949689E-00008
0.57658179077886E+00001, 0.51888119611142E-00002, 0.51932586940092E-00002, 0.11494877657641E+00000, 0.11485973439743E+00000, 0.41392025440402E+00001, 0.51888092236513E-00002, 0.51888119611142E-00002, 0.51888099669659E-00002, 0.44487270433839E-00005, 0.27506122812877E+00002, 0.10000579638333E+00001, 0.27682578947347E+00000, -.10671883592686E+00002, 0.51888064861884E-00002, 0.39882973073134E-00008
0.57953381982218E+00001, 0.52268617740137E-00002, 0.52279285055906E-00002, 0.11479480682942E+00000, 0.11470589794243E+00000, 0.41696029956888E+00001, 0.52268589437339E-00002, 0.52268617740137E-00002, 0.52268597185102E-00002, 0.10687870804316E-00005, 0.27764708289688E+00002, 0.10000588241828E+00001, 0.27664032825966E+00000, -.10671885751321E+00002, 0.52268561134542E-00002, 0.41110065109604E-00008
0.58248421578987E+00001, 0.52659730110830E-00002, 0.52587133788446E-00002, 0.11463985813132E+00000, 0.11455119497185E+00000, 0.42008603285386E+00001, 0.52659702689159E-00002, 0.52659730110830E-00002, 0.52659710135510E-00002, -.72576347064701E-00005, 0.27964750288776E+00002, 0.10000596900886E+00001, 0.27645356226236E+00000, -.10671887924696E+00002, 0.52659675267491E-00002, 0.39950637891772E-00008
0.58543329892272E+00001, 0.53062986462090E-00002, 0.52929960436405E-00002, 0.11448402086717E+00000, 0.11439562168452E+00000, 0.42330942601900E+00001, 0.53062959883002E-00002, 0.53062986462090E-00002, 0.53062966998074E-00002, -.13300656166884E-00004, 0.28273105838318E+00002, 0.10000605614698E+00001, 0.27626559789108E+00000, -.10671890113502E+00002, 0.53062933303917E-00002, 0.38928027711347E-00008
0.58838139430348E+00001, 0.53479748497379E-00002, 0.53368936368807E-00002, 0.11432719023670E+00000, 0.11423895444358E+00000, 0.42664026657516E+00001, 0.53479720931233E-00002, 0.53479748497379E-00002, 0.53479728251257E-00002, -.11079188244916E-00004, 0.28493625211830E+00002, 0.10000614390833E+00001, 0.27607630616275E+00000, -.10671892318495E+00002, 0.53479693365085E-00002, 0.40492243056111E-00008
0.59132884085437E+00001, 0.53911220160886E-00002, 0.53880698741991E-00002, 0.11416911132125E+00000, 0.11408090339065E+00000, 0.43008726950647E+00001, 0.53911191821317E-00002, 0.53911220160886E-00002, 0.53911199224122E-00002, -.30500482131419E-00005, 0.28594225612593E+00002, 0.10000623234914E+00001, 0.27588537634465E+00000, -.10671894540505E+00002, 0.53911163481748E-00002, 0.41873529121797E-00008
0.59427593458985E+00001, 0.54358532491834E-00002, 0.54388851537900E-00002, 0.11400958251109E+00000, 0.11392135171123E+00000, 0.43365959117956E+00001, 0.54358503017400E-00002, 0.54358532491834E-00002, 0.54358510624448E-00002, 0.30340913451623E-00005, 0.28568664486601E+00002, 0.10000632149404E+00001, 0.27569256127202E+00000, -.10671896780383E+00002, 0.54358473542967E-00002, 0.43734773058432E-00008
0.59722291384647E+00001, 0.54822659366065E-00002, 0.54859684512853E-00002, 0.11384853512414E+00000, 0.11376036299567E+00000, 0.43736605322719E+00001, 0.54822627128043E-00002, 0.54822659366065E-00002, 0.54822635484616E-00002, 0.37049028237192E-00005, 0.28538657989300E+00002, 0.10000641138787E+00001, 0.27549777388592E+00000, -.10671899038979E+00002, 0.54822594890022E-00002, 0.47762896913067E-00008
0.60000000000000E+00001, 0.55276250662463E-00002, 0.55276806363127E-00002, 0.11369541091485E+00000, 0.11360742570111E+00000, 0.44098915163495E+00001, 0.55276217488416E-00002, 0.55276250662463E-00002, 0.55276225995568E-00002, 0.58036755855375E-00007, 0.28576723353822E+00002, 0.10000649684488E+00001, 0.27531244180004E+00000, -.10671901185214E+00002, 0.55276184314370E-00002, 0.49333785593670E-00008
0.60016578369575E+00001, 0.55303701595711E-00002, 0.55301004473198E-00002, 0.11368623015662E+00000, 0.11359825950428E+00000, 0.44120844781191E+00001, 0.55303668466802E-00002, 0.55303701595711E-00002, 0.55303676950409E-00002, -.26724772108767E-00006, 0.28574085823259E+00002, 0.10000650197039E+00001, 0.27530132601281E+00000, -.10671901313899E+00002, 0.55303635337891E-00002, 0.49290601820286E-00008
0.60311325827631E+00001, 0.55803761160078E-00002, 0.55732063230588E-00002, 0.11352231246266E+00000, 0.11343462392717E+00000, 0.44520363590027E+00001, 0.55803729474358E-00002, 0.55803761160078E-00002, 0.55803737372593E-00002, -.71674142004620E-00005, 0.28540470148799E+00002, 0.10000659355703E+00001, 0.27510278377685E+00000, -.10671903612623E+00002, 0.55803697788637E-00002, 0.47574967358827E-00008
0.60606113430899E+00001, 0.56322577712199E-00002, 0.56203361397611E-00002, 0.11335710592534E+00000, 0.11326965279336E+00000, 0.44934889880211E+00001, 0.56322545661044E-00002, 0.56322577712199E-00002, 0.56322553675155E-00002, -.11919227754371E-00004, 0.28675394736904E+00002, 0.10000668601897E+00001, 0.27490253536522E+00000, -.10671905932679E+00002, 0.56322513609891E-00002, 0.48074087105330E-00008
0.60900755601188E+00001, 0.56859869458626E-00002, 0.56768121966396E-00002, 0.11319058766064E+00000, 0.11310324292853E+00000, 0.45364132011856E+00001, 0.56859836449218E-00002, 0.56859869458626E-00002, 0.56859844822192E-00002, -.91722855795669E-00005, 0.28790993194480E+00002, 0.10000677927360E+00001, 0.27470054927823E+00000, -.10671908273367E+00002, 0.56859803439808E-00002, 0.49272865479682E-00008
0.61195190614690E+00001, 0.57415323476269E-00002, 0.57408601287347E-00002, 0.11302250241848E+00000, 0.11293516227179E+00000, 0.45807783926698E+00001, 0.57415291147179E-00002, 0.57415323476269E-00002, 0.57415299310550E-00002, -.66980232034728E-00006, 0.28757246184718E+00002, 0.10000687331884E+00001, 0.27449651171856E+00000, -.10671910634926E+00002, 0.57415258818089E-00002, 0.48331442489109E-00008
0.61489445577534E+00001, 0.57988714736172E-00002, 0.58060947676880E-00002, 0.11285262106708E+00000, 0.11276526656779E+00000, 0.46265630825696E+00001, 0.57988681255168E-00002, 0.57988714736172E-00002, 0.57988689768615E-00002, 0.72257908264964E-00005, 0.29180232589528E+00002, 0.10000696823566E+00001, 0.27429013965395E+00000, -.10671913018288E+00002, 0.57988647774168E-00002, 0.49935114855548E-00008
0.61783559019458E+00001, 0.58579854532669E-00002, 0.58668616584886E-00002, 0.11268091382908E+00000, 0.11259358740108E+00000, 0.46737567635611E+00001, 0.58579819407112E-00002, 0.58579854532669E-00002, 0.58579828381230E-00002, 0.88788203655363E-00005, 0.30321428838228E+00002, 0.10000706409658E+00001, 0.27408139159634E+00000, -.10671915424476E+00002, 0.58579784281557E-00002, 0.52302879324214E-00008
0.62077558898276E+00001, 0.59188586416134E-00002, 0.59204688180759E-00002, 0.11250755931039E+00000, 0.11242029510385E+00000, 0.47223578418096E+00001, 0.59188552703568E-00002, 0.59188586416134E-00002, 0.59188561067301E-00002, 0.16127113458370E-00005, 0.31418166633545E+00002, 0.10000716093200E+00001, 0.27387047949763E+00000, -.10671917854420E+00002, 0.59188518991005E-00002, 0.50697658602640E-00008
0.62371438509015E+00001, 0.59814732920557E-00002, 0.59736153738783E-00002, 0.11233275823534E+00000, 0.11224553453502E+00000, 0.47723573743359E+00001, 0.59814699029805E-00002, 0.59814732920557E-00002, 0.59814707261242E-00002, -.78553522458769E-00005, 0.32724265472009E+00002, 0.10000725876289E+00001, 0.27365764285001E+00000, -.10671920308764E+00002, 0.59814665139058E-00002, 0.51318631558801E-00008
0.62665236952265E+00001, 0.60458210553895E-00002, 0.60381480625513E-00002, 0.11215636688093E+00000, 0.11206911412781E+00000, 0.48237426288685E+00001, 0.60458174093288E-00002, 0.60458210553895E-00002, 0.60458182942123E-00002, -.76702316609563E-00005, 0.33885732772552E+00002, 0.10000735763957E+00001, 0.27344270195775E+00000, -.10671922788525E+00002, 0.60458137632675E-00002, 0.55223540876937E-00008
0.62958981900264E+00001, 0.61118905009752E-00002, 0.61144071139827E-00002, 0.11197799446973E+00000, 0.11189063865069E+00000, 0.48764936398154E+00001, 0.61118868329233E-00002, 0.61118905009752E-00002, 0.61118876993605E-00002, 0.25194146221607E-00005, 0.35073933245352E+00002, 0.10000745759673E+00001, 0.27322517510865E+00000, -.10671925294635E+00002, 0.61118831648718E-00002, 0.56032298074578E-00008
0.63252565696879E+00001, 0.61796435919688E-00002, 0.61914471928711E-00002, 0.11179748293481E+00000, 0.11170998233946E+00000, 0.49305752182351E+00001, 0.61796399247389E-00002, 0.61796435919688E-00002, 0.61796407683825E-00002, 0.11806424488595E-00004, 0.36509005164457E+00002, 0.10000755858946E+00001, 0.27300486312496E+00000, -.10671927826852E+00002, 0.61796362575085E-00002, 0.56471728388483E-00008
0.63546021816624E+00001, 0.62490775147978E-00002, 0.62620935200588E-00002, 0.11161487785597E+00000, 0.11152723194402E+00000, 0.49859909475271E+00001, 0.62490736134136E-00002, 0.62490775147978E-00002, 0.62490745198163E-00002, 0.13019000242449E-00004, 0.37860256852460E+00002, 0.10000766060681E+00001, 0.27278181495592E+00000, -.10671930386123E+00002, 0.62490697120296E-00002, 0.59899626439266E-00008
0.63839438141200E+00001, 0.63201964489401E-00002, 0.63281640806029E-00002, 0.11143028181870E+00000, 0.11134251279342E+00000, 0.50427525959109E+00001, 0.63201924852946E-00002, 0.63201964489401E-00002, 0.63201934057778E-00002, 0.79706748250959E-00005, 0.39445820102510E+00002, 0.10000776371497E+00001, 0.27255614934505E+00000, -.10671932973889E+00002, 0.63201885216491E-00002, 0.60863250660711E-00008
0.64132919181277E+00001, 0.63929829261845E-00002, 0.63963361978359E-00002, 0.11124369303917E+00000, 0.11115580180575E+00000, 0.51008450197109E+00001, 0.63929790537125E-00002, 0.63929829261845E-00002, 0.63929799466304E-00002, 0.33562512054865E-00005, 0.41621245432358E+00002, 0.10000786807110E+00001, 0.27232785760203E+00000, -.10671935591761E+00002, 0.63929751812406E-00002, 0.59591083796965E-00008
0.64426381302954E+00001, 0.64673101244194E-00002, 0.64731250697586E-00002, 0.11105506666642E+00000, 0.11096698499927E+00000, 0.51601566162455E+00001, 0.64673060062870E-00002, 0.64673101244194E-00002, 0.64673069930231E-00002, 0.58180767355841E-00005, 0.43605007279078E+00002, 0.10000797374161E+00001, 0.27209687817200E+00000, -.10671938239654E+00002, 0.64673018881548E-00002, 0.62627926155134E-00008
0.64719747954811E+00001, 0.65429352120241E-00002, 0.65563033557195E-00002, 0.11086426670610E+00000, 0.11077586232771E+00000, 0.52204873842363E+00001, 0.65429308441700E-00002, 0.65429352120241E-00002, 0.65429319250375E-00002, 0.13371430682013E-00004, 0.45779709469675E+00002, 0.10000808066483E+00001, 0.27186303746077E+00000, -.10671940917452E+00002, 0.65429264763157E-00002, 0.65739727486198E-00008
0.65000000000000E+00001, 0.66160641002142E-00002, 0.66325489700806E-00002, 0.11067985188120E+00000, 0.11059103127003E+00000, 0.52788160747709E+00001, 0.66160596273832E-00002, 0.66160641002142E-00002, 0.66160607336900E-00002, 0.16488236390628E-00004, 0.48485558121815E+00002, 0.10000818392802E+00001, 0.27163683093572E+00000, -.10671943504702E+00002, 0.66160551545523E-00002, 0.67330481797098E-00008
0.65012836776094E+00001, 0.66194046288831E-00002, 0.66358685860874E-00002, 0.11067135566310E+00000, 0.11058251480044E+00000, 0.52814804350827E+00001, 0.66194001443869E-00002, 0.66194046288831E-00002, 0.66194012534314E-00002, 0.16467332655998E-00004, 0.48615164287203E+00002, 0.10000818868353E+00001, 0.27162640478311E+00000, -.10671943623896E+00002, 0.66193956598905E-00002, 0.67509032204974E-00008
0.65305973764121E+00001, 0.66961312506858E-00002, 0.67104111404916E-00002, 0.11047618040528E+00000, 0.11038688925230E+00000, 0.53426770693507E+00001, 0.66961262095285E-00002, 0.66961312506858E-00002, 0.66961274602002E-00002, 0.14283680291355E-00004, 0.51252735927404E+00002, 0.10000829790033E+00001, 0.27138678474983E+00000, -.10671946362215E+00002, 0.66961211683716E-00002, 0.75809709122095E-00008
0.65598370942954E+00001, 0.67718747843024E-00002, 0.67863097190114E-00002, 0.11027924534528E+00000, 0.11018956937377E+00000, 0.54030912619820E+00001, 0.67718690598792E-00002, 0.67718747843024E-00002, 0.67718704706023E-00002, 0.14439248409038E-00004, 0.54078528633784E+00002, 0.10000840807258E+00001, 0.27114478954399E+00000, -.10671949124843E+00002, 0.67718633354559E-00002, 0.86274003030483E-00008
0.65890130835293E+00001, 0.68452014046666E-00002, 0.68635282073412E-00002, 0.11008046022059E+00000, 0.10999043315371E+00000, 0.54615720048038E+00001, 0.68451952402365E-00002, 0.68452014046666E-00002, 0.68451967209705E-00002, 0.18331486370651E-00004, 0.56741798355700E+00002, 0.10000851927552E+00001, 0.27090030173551E+00000, -.10671951911927E+00002, 0.68451890758061E-00002, 0.93673927235629E-00008
0.66181287675425E+00001, 0.69142509860463E-00002, 0.69363825376470E-00002, 0.10987994850375E+00000, 0.10978950867780E+00000, 0.55166280558847E+00001, 0.69142441188619E-00002, 0.69142509860463E-00002, 0.69142457472086E-00002, 0.22136790438329E-00004, 0.59037425084309E+00002, 0.10000863147875E+00001, 0.27065346663676E+00000, -.10671954722322E+00002, 0.69142372516780E-00002, 0.10477675623577E-00007
0.66471730563488E+00001, 0.69768976615427E-00002, 0.70007280490237E-00002, 0.10967802902418E+00000, 0.10958707442926E+00000, 0.55665669020099E+00001, 0.69768898151245E-00002, 0.69768976615427E-00002, 0.69768916602742E-00002, 0.23836388749519E-00004, 0.61513491363769E+00002, 0.10000874450456E+00001, 0.27040467084746E+00000, -.10671957552671E+00002, 0.69768819687062E-00002, 0.12002537192076E-00007
0.66761711164764E+00001, 0.70312306945500E-00002, 0.70543007507813E-00002, 0.10947476362397E+00000, 0.10938324592211E+00000, 0.56098713139511E+00001, 0.70312219758420E-00002, 0.70312306945500E-00002, 0.70312239719038E-00002, 0.23076778877578E-00004, 0.63888013394886E+00002, 0.10000885828727E+00001, 0.27015398525528E+00000, -.10671960402339E+00002, 0.70312132571340E-00002, 0.13445292324333E-00007
0.67051236234066E+00001, 0.70760217115955E-00002, 0.70980523996518E-00002, 0.10927038882063E+00000, 0.10917833240665E+00000, 0.56455591715911E+00001, 0.70760118609513E-00002, 0.70760217115955E-00002, 0.70760140744292E-00002, 0.22038325222643E-00004, 0.63823097923805E+00002, 0.10000897267556E+00001, 0.26990169669793E+00000, -.10671963267682E+00002, 0.70760020103075E-00002, 0.15274333154189E-00007
0.67340737297973E+00001, 0.71114460503432E-00002, 0.71356636516586E-00002, 0.10906482039189E+00000, 0.10897226030894E+00000, 0.56737599568261E+00001, 0.71114347225769E-00002, 0.71114460503432E-00002, 0.71114372715250E-00002, 0.24226380133528E-00004, 0.63050968127259E+00002, 0.10000908766919E+00001, 0.26964769656213E+00000, -.10671966149058E+00002, 0.71114233948108E-00002, 0.17557636234692E-00007
0.67630585813701E+00001, 0.71390927607535E-00002, 0.71665750168330E-00002, 0.10885800515400E+00000, 0.10876493693499E+00000, 0.56957318696957E+00001, 0.71390802603043E-00002, 0.71390927607535E-00002, 0.71390830707515E-00002, 0.27491946081493E-00004, 0.60787607509688E+00002, 0.10000920325748E+00001, 0.26939191419937E+00000, -.10671969046660E+00002, 0.71390677598553E-00002, 0.19380004491886E-00007
0.67920816932610E+00001, 0.71615059271617E-00002, 0.71890531334446E-00002, 0.10865017528989E+00000, 0.10855656742735E+00000, 0.57135000726300E+00001, 0.71614924616531E-00002, 0.71615059271617E-00002, 0.71614955336743E-00002, 0.27557599770284E-00004, 0.58478401333507E+00002, 0.10000931940258E+00001, 0.26913463209565E+00000, -.10671971958194E+00002, 0.71614789961439E-00002, 0.20786974569448E-00007
0.68211785481717E+00001, 0.71815784231712E-00002, 0.72088439167700E-00002, 0.10844124632751E+00000, 0.10834707392711E+00000, 0.57293738949408E+00001, 0.71815642700486E-00002, 0.71815784231712E-00002, 0.71815675853273E-00002, 0.27276331442622E-00004, 0.51948693762627E+00002, 0.10000943628685E+00001, 0.26887574122322E+00000, -.10671974885703E+00002, 0.71815501169260E-00002, 0.21675687555034E-00007
0.68503727133194E+00001, 0.72018354013652E-00002, 0.72316838979284E-00002, 0.10823101231314E+00000, 0.10813626258427E+00000, 0.57453713343698E+00001, 0.72018212869624E-00002, 0.72018354013652E-00002, 0.72018246074929E-00002, 0.29859290435530E-00004, 0.46830971541552E+00002, 0.10000955400619E+00001, 0.26861498135577E+00000, -.10671977831172E+00002, 0.72018071725594E-00002, 0.21587743820928E-00007
0.68796821136826E+00001, 0.72241606251785E-00002, 0.72561346610379E-00002, 0.10801926148459E+00000, 0.10792391899442E+00000, 0.57629948306270E+00001, 0.72241463787292E-00002, 0.72241606251785E-00002, 0.72241496948730E-00002, 0.31984966164921E-00004, 0.43808862770943E+00002, 0.10000967253569E+00001, 0.26835208400481E+00000, -.10671980796965E+00002, 0.72241321322803E-00002, 0.21860610147773E-00007
0.69090923188614E+00001, 0.72499529361135E-00002, 0.72813326684446E-00002, 0.10780606812003E+00000, 0.10771012224646E+00000, 0.57833629629533E+00001, 0.72499397488252E-00002, 0.72499529361135E-00002, 0.72499428828932E-00002, 0.31389785551452E-00004, 0.39786550257612E+00002, 0.10000979170895E+00001, 0.26808713523782E+00000, -.10671983782798E+00002, 0.72499265615366E-00002, 0.20106441213810E-00007
0.69385068079613E+00001, 0.72799924510135E-00002, 0.73098120140648E-00002, 0.10759203824193E+00000, 0.10749551689344E+00000, 0.58071023878625E+00001, 0.72799813633249E-00002, 0.72799924510135E-00002, 0.72799841217633E-00002, 0.29827892301451E-00004, 0.37101573064665E+00002, 0.10000991117341E+00001, 0.26782088323097E+00000, -.10671986780470E+00002, 0.72799702756361E-00002, 0.16658500139127E-00007
0.69678632045713E+00001, 0.73146973155317E-00002, 0.73428972854863E-00002, 0.10737745612752E+00000, 0.10728043450497E+00000, 0.58345488681651E+00001, 0.73146864898986E-00002, 0.73146973155317E-00002, 0.73146891585212E-00002, 0.28208126965096E-00004, 0.37098158013922E+00002, 0.10001003092520E+00001, 0.26755367826228E+00000, -.10671989785515E+00002, 0.73146756642653E-00002, 0.16314021289393E-00007
0.69971754292530E+00001, 0.73544418908400E-00002, 0.73823739018122E-00002, 0.10716206029967E+00000, 0.10706462017311E+00000, 0.58660076375164E+00001, 0.73544311418118E-00002, 0.73544418908400E-00002, 0.73544337469168E-00002, 0.27940154895401E-00004, 0.36833853671102E+00002, 0.10001015131355E+00001, 0.26728519138387E+00000, -.10671992801320E+00002, 0.73544203927835E-00002, 0.16287846009711E-00007
0.70000000000000E+00001, 0.73585594768817E-00002, 0.73866347711459E-00002, 0.10714123791228E+00000, 0.10704376044472E+00000, 0.58692681834078E+00001, 0.73585487650509E-00002, 0.73585594768817E-00002, 0.73585513612554E-00002, 0.28083409890410E-00004, 0.36800802275627E+00002, 0.10001016296318E+00001, 0.26725922236945E+00000, -.10671993092812E+00002, 0.73585380532203E-00002, 0.16231252805870E-00007
0.70263512206833E+00001, 0.73992329531004E-00002, 0.74297572910081E-00002, 0.10694636000535E+00000, 0.10684854292284E+00000, 0.59014850048075E+00001, 0.73992226466761E-00002, 0.73992329531004E-00002, 0.73992251637897E-00002, 0.30532127218399E-00004, 0.36747761752589E+00002, 0.10001027204119E+00001, 0.26701605445535E+00000, -.10671995820342E+00002, 0.73992123402523E-00002, 0.15578621756564E-00007
0.70555893748706E+00001, 0.74492510976105E-00002, 0.74810930050281E-00002, 0.10672875028678E+00000, 0.10663054713752E+00000, 0.59411188327298E+00001, 0.74492415365116E-00002, 0.74492510976105E-00002, 0.74492438036577E-00002, 0.31849201370388E-00004, 0.36511385703759E+00002, 0.10001039378985E+00001, 0.26674425990298E+00000, -.10671998865219E+00002, 0.74492319754118E-00002, 0.14587906141466E-00007
0.70847655111144E+00001, 0.75040950278439E-00002, 0.75331442767837E-00002, 0.10651012244798E+00000, 0.10641150981330E+00000, 0.59845853149165E+00001, 0.75040856222959E-00002, 0.75040950278439E-00002, 0.75040878270102E-00002, 0.29056449773460E-00004, 0.36034754992478E+00002, 0.10001051591367E+00001, 0.26647091454538E+00000, -.10672001925069E+00002, 0.75040762167486E-00002, 0.14401667734161E-00007
0.71138980688883E+00001, 0.75636078849784E-00002, 0.75899808566945E-00002, 0.10629024991549E+00000, 0.10619122463850E+00000, 0.60317610483478E+00001, 0.75635981326999E-00002, 0.75636078849784E-00002, 0.75636004899691E-00002, 0.26380366725338E-00004, 0.35241376163015E+00002, 0.10001063856610E+00001, 0.26619572988748E+00000, -.10672005003706E+00002, 0.75635883804227E-00002, 0.14790018847929E-00007
0.71430032285980E+00001, 0.76276590210656E-00002, 0.76527370983431E-00002, 0.10606879631052E+00000, 0.10596939883712E+00000, 0.60825493812555E+00001, 0.76276484869792E-00002, 0.76276590210656E-00002, 0.76276510332998E-00002, 0.25086065043293E-00004, 0.34877273383684E+00002, 0.10001076208647E+00001, 0.26591827856257E+00000, -.10672008104683E+00002, 0.76276379528923E-00002, 0.15975531642000E-00007
0.71720926033066E+00001, 0.76962024691715E-00002, 0.77190293665806E-00002, 0.10584549317612E+00000, 0.10574581313070E+00000, 0.61369228861073E+00001, 0.76961914259741E-00002, 0.76962024691715E-00002, 0.76961940152178E-00002, 0.22835351362847E-00004, 0.33791922676588E+00002, 0.10001088680794E+00001, 0.26563821659809E+00000, -.10672011231024E+00002, 0.76961803827769E-00002, 0.16907907968550E-00007
0.72011552894142E+00001, 0.77692556280900E-00002, 0.77902575560282E-00002, 0.10562029235731E+00000, 0.10552043965125E+00000, 0.61948971414613E+00001, 0.77692437168205E-00002, 0.77692556280900E-00002, 0.77692464445030E-00002, 0.21011111525223E-00004, 0.33158641549443E+00002, 0.10001101278467E+00001, 0.26535547523692E+00000, -.10672014383349E+00002, 0.77692318055515E-00002, 0.18367174887448E-00007
0.72301835763613E+00001, 0.78468680404201E-00002, 0.78676795647392E-00002, 0.10539312945442E+00000, 0.10529317393797E+00000, 0.62565117090507E+00001, 0.78468559868171E-00002, 0.78468680404201E-00002, 0.78468588168428E-00002, 0.20820747896399E-00004, 0.34523419531212E+00002, 0.10001113988396E+00001, 0.26506996492049E+00000, -.10672017562569E+00002, 0.78468439332140E-00002, 0.18447154335968E-00007
0.72591691945640E+00001, 0.79289165347599E-00002, 0.79491960185869E-00002, 0.10516399893305E+00000, 0.10506393314019E+00000, 0.63216701735245E+00001, 0.79289040811515E-00002, 0.79289165347599E-00002, 0.79289070550987E-00002, 0.20288963488254E-00004, 0.35986162901875E+00002, 0.10001126795073E+00001, 0.26478166972438E+00000, -.10672020769542E+00002, 0.79288916275435E-00002, 0.18959322871501E-00007
0.72881153363394E+00001, 0.80152327145017E-00002, 0.80344927144491E-00002, 0.10493282186524E+00000, 0.10483259336272E+00000, 0.63902519665563E+00001, 0.80152199141065E-00002, 0.80152327145017E-00002, 0.80152230019777E-00002, 0.19269712471373E-00004, 0.37440316392260E+00002, 0.10001139701088E+00001, 0.26449048107035E+00000, -.10672024006292E+00002, 0.80152071137100E-00002, 0.19425048593614E-00007
0.73170359331226E+00001, 0.81053167400867E-00002, 0.81240787676951E-00002, 0.10469934059381E+00000, 0.10459892290539E+00000, 0.64618706706644E+00001, 0.81053022919741E-00002, 0.81053167400867E-00002, 0.81053057618495E-00002, 0.18773005845573E-00004, 0.39054750087400E+00002, 0.10001152727856E+00001, 0.26419606430806E+00000, -.10672027275983E+00002, 0.81052878438614E-00002, 0.21956474174805E-00007
0.73459471506660E+00001, 0.81988591451298E-00002, 0.82157543953478E-00002, 0.10446327208988E+00000, 0.10436270049222E+00000, 0.65362885493085E+00001, 0.81988442373215E-00002, 0.81988591451298E-00002, 0.81988476905574E-00002, 0.16906704790445E-00004, 0.40310806073098E+00002, 0.10001165903868E+00001, 0.26389805113576E+00000, -.10672030581821E+00002, 0.81988293295124E-00002, 0.22909144882110E-00007
0.73748620977381E+00001, 0.82945034991247E-00002, 0.83081623463737E-00002, 0.10422443302660E+00000, 0.10412378226829E+00000, 0.66124180381694E+00001, 0.82944866344647E-00002, 0.82945034991247E-00002, 0.82944903512590E-00002, 0.13671995114712E-00004, 0.41625231014896E+00002, 0.10001179252479E+00001, 0.26359619752771E+00000, -.10672033926514E+00002, 0.82944697698044E-00002, 0.26295732210001E-00007
0.74037977645114E+00001, 0.83919319903844E-00002, 0.84029389048818E-00002, 0.10398264472979E+00000, 0.10388198546461E+00000, 0.66900156262571E+00001, 0.83919152386898E-00002, 0.83919319903844E-00002, 0.83919190173812E-00002, 0.11019887500629E-00004, 0.42872908118495E+00002, 0.10001192784151E+00001, 0.26329026406838E+00000, -.10672037312712E+00002, 0.83918984869946E-00002, 0.25946006785903E-00007
0.74327681360584E+00001, 0.84895448452920E-00002, 0.84972478485120E-00002, 0.10373778573375E+00000, 0.10363714853589E+00000, 0.67678098984095E+00001, 0.84895279109456E-00002, 0.84895448452920E-00002, 0.84895317096696E-00002, 0.77161388423596E-00005, 0.44615839476968E+00002, 0.10001206494468E+00001, 0.26298008255855E+00000, -.10672040742588E+00002, 0.84895109766000E-00002, 0.26271244428667E-00007
0.74617819968690E+00001, 0.85866025123627E-00002, 0.85909871050329E-00002, 0.10348987034754E+00000, 0.10338922296618E+00000, 0.68452108431408E+00001, 0.85865863362431E-00002, 0.85866025123627E-00002, 0.85865899994304E-00002, 0.43971056024558E-00005, 0.47136254095967E+00002, 0.10001220370301E+00001, 0.26266565610745E+00000, -.10672044217146E+00002, 0.85865701601232E-00002, 0.25025864441127E-00007
0.74908361485882E+00001, 0.86820731247649E-00002, 0.86874723991575E-00002, 0.10323893632427E+00000, 0.10313819581353E+00000, 0.69213749253314E+00001, 0.86820571197835E-00002, 0.86820731247649E-00002, 0.86820609182031E-00002, 0.54114809543325E-00005, 0.49097819782895E+00002, 0.10001234400028E+00001, 0.26234701742065E+00000, -.10672047735658E+00002, 0.86820411148020E-00002, 0.24413123402413E-00007
0.75000000000000E+00001, 0.87117157448264E-00002, 0.87183812252623E-00002, 0.10315922131996E+00000, 0.10305843412566E+00000, 0.69450257943144E+00001, 0.87116997119828E-00002, 0.87117157448264E-00002, 0.87117035687044E-00002, 0.66776565578787E-00005, 0.49851192689532E+00002, 0.10001238853633E+00001, 0.26224571343171E+00000, -.10672048853415E+00002, 0.87116836791387E-00002, 0.24352243743699E-00007
0.75198190758188E+00001, 0.87748380573301E-00002, 0.87844962679318E-00002, 0.10298586710262E+00000, 0.10288496513404E+00000, 0.69953909859446E+00001, 0.87748220045899E-00002, 0.87748380573301E-00002, 0.87748259450439E-00002, 0.96703228878930E-00005, 0.50921698529533E+00002, 0.10001248536531E+00001, 0.26202527499285E+00000, -.10672051283725E+00002, 0.87748059518496E-00002, 0.24224572592496E-00007
0.75489343492184E+00001, 0.88653048412947E-00002, 0.88766865329123E-00002, 0.10272885635790E+00000, 0.10262781115905E+00000, 0.70675797688828E+00001, 0.88652888035984E-00002, 0.88653048412947E-00002, 0.88652927586260E-00002, 0.11393774286369E-00004, 0.51490055326461E+00002, 0.10001262899593E+00001, 0.26169811661264E+00000, -.10672054885300E+00002, 0.88652727659022E-00002, 0.24165338787908E-00007
0.75780799639028E+00001, 0.89533841540284E-00002, 0.89619821150038E-00002, 0.10246888581001E+00000, 0.10236780559766E+00000, 0.71378747560701E+00001, 0.89533674419297E-00002, 0.89533841540284E-00002, 0.89533715241923E-00002, 0.86105908114914E-00005, 0.53517995533233E+00002, 0.10001277450891E+00001, 0.26136677397865E+00000, -.10672058527003E+00002, 0.89533507298303E-00002, 0.25259672715549E-00007
0.76072562131143E+00001, 0.90392160375929E-00002, 0.90423645606362E-00002, 0.10220612207022E+00000, 0.10210511265248E+00000, 0.72063872188831E+00001, 0.90391982687934E-00002, 0.90392160375929E-00002, 0.90392023869562E-00002, 0.31621736799508E-00005, 0.55053458023797E+00002, 0.10001292175833E+00001, 0.26103144391717E+00000, -.10672062208043E+00002, 0.90391804999935E-00002, 0.27301273265003E-00007
0.76364634734824E+00001, 0.91237046448778E-00002, 0.91216820715588E-00002, 0.10194075904072E+00000, 0.10183982014429E+00000, 0.72738245386530E+00001, 0.91236865582532E-00002, 0.91237046448778E-00002, 0.91236905861066E-00002, -.20085145478185E-00005, 0.55502634588455E+00002, 0.10001307045443E+00001, 0.26069235897346E+00000, -.10672065927753E+00002, 0.91236684716286E-00002, 0.28117542205612E-00007
0.76656940271619E+00001, 0.92079447392865E-00002, 0.92063533230214E-00002, 0.10167292140803E+00000, 0.10157193637250E+00000, 0.73410381697236E+00001, 0.92079262480567E-00002, 0.92079447392865E-00002, 0.92079303621303E-00002, -.15770391088828E-00005, 0.54130374452801E+00002, 0.10001322039352E+00001, 0.26034966411607E+00000, -.10672069684848E+00002, 0.92079077568266E-00002, 0.28754312347168E-00007
0.76949090184112E+00001, 0.92923284955574E-00002, 0.92975325384476E-00002, 0.10140277864418E+00000, 0.10130161498683E+00000, 0.74083330912686E+00001, 0.92923093493382E-00002, 0.92923284955574E-00002, 0.92923133932588E-00002, 0.52191451888100E-00005, 0.52332662343134E+00002, 0.10001337147010E+00001, 0.26000356233993E+00000, -.10672073474398E+00002, 0.92922902031191E-00002, 0.30204597132152E-00007
0.77240795375366E+00001, 0.93778845401152E-00002, 0.93882892034823E-00002, 0.10113040377912E+00000, 0.10102902818494E+00000, 0.74765410411033E+00001, 0.93778651157542E-00002, 0.93778845401152E-00002, 0.93778689945219E-00002, 0.10420208960400E-00004, 0.53086789303630E+00002, 0.10001352379534E+00001, 0.25965413377430E+00000, -.10672077292873E+00002, 0.93778456913934E-00002, 0.31091186609616E-00007
0.77532282757587E+00001, 0.94661333581963E-00002, 0.94752347561324E-00002, 0.10085556636938E+00000, 0.10075405836624E+00000, 0.75468901418139E+00001, 0.94661140011472E-00002, 0.94661333581963E-00002, 0.94661179597663E-00002, 0.91167963661368E-00005, 0.52916942966505E+00002, 0.10001367769560E+00001, 0.25930106873334E+00000, -.10672081143883E+00002, 0.94660946440971E-00002, 0.30796860039516E-00007
0.77823599794608E+00001, 0.95578295257917E-00002, 0.95621369090870E-00002, 0.10057827449371E+00000, 0.10047673225817E+00000, 0.76199896425473E+00001, 0.95578101731117E-00002, 0.95578295257917E-00002, 0.95578142566829E-00002, 0.43226524040972E-00005, 0.53708243887609E+00002, 0.10001383318765E+00001, 0.25894436274190E+00000, -.10672085029244E+00002, 0.95577908204306E-00002, 0.30538217408077E-00007
0.78114608355589E+00001, 0.96532569082889E-00002, 0.96528491921101E-00002, 0.10029867780565E+00000, 0.10019712075401E+00000, 0.76960638832420E+00001, 0.96532371256707E-00002, 0.96532569082889E-00002, 0.96532412849812E-00002, -.39209287110299E-00006, 0.55357445904314E+00002, 0.10001399003607E+00001, 0.25858419364642E+00000, -.10672088948576E+00002, 0.96532173430518E-00002, 0.31246615773867E-00007
0.78405334040899E+00001, 0.97527690450885E-00002, 0.97498480024201E-00002, 0.10001669452245E+00000, 0.99915056146018E-00001, 0.77753879900956E+00001, 0.97527486517844E-00002, 0.97527690450885E-00002, 0.97527528986270E-00002, -.29048962069127E-00005, 0.56327965891661E+00002, 0.10001414814556E+00001, 0.25822044138352E+00000, -.10672092903761E+00002, 0.97527282584798E-00002, 0.32292922335846E-00007
0.78696153603415E+00001, 0.98563645225710E-00002, 0.98551283347233E-00002, 0.99731758056419E-00001, 0.99629958674073E-00001, 0.78579504920669E+00001, 0.98563426136869E-00002, 0.98563645225710E-00002, 0.98563472851951E-00002, -.12189504718736E-00005, 0.56487794818837E+00002, 0.10001430778638E+00001, 0.25785235834539E+00000, -.10672096901574E+00002, 0.98563207048026E-00002, 0.34474751468595E-00007
0.78987055582924E+00001, 0.99632886312487E-00002, 0.99658595269383E-00002, 0.99443596285393E-00001, 0.99341621581038E-00001, 0.79431429523941E+00001, 0.99632652795365E-00002, 0.99632886312487E-00002, 0.99632703029990E-00002, 0.25892239393483E-00005, 0.57867048622164E+00002, 0.10001446915658E+00001, 0.25747957366931E+00000, -.10672100943425E+00002, 0.99632419278243E-00002, 0.36656499317970E-00007
0.79277890546931E+00001, 0.10072323772977E-00001, 0.10075839671722E-00001, 0.99152200209414E-00001, 0.99050124753764E-00001, 0.80299932751534E+00001, 0.10072298944435E-00001, 0.10072323772977E-00001, 0.10072304344867E-00001, 0.35353268554582E-00005, 0.59317694158084E+00002, 0.10001463239953E+00001, 0.25710205523542E+00000, -.10672105028389E+00002, 0.10072274115894E-00001, 0.38856218978938E-00007
0.79568715695110E+00001, 0.10182766800558E-00001, 0.10184018708037E-00001, 0.98857522685936E-00001, 0.98755466725004E-00001, 0.81179488024331E+00001, 0.10182740936533E-00001, 0.10182766800558E-00001, 0.10182746656289E-00001, 0.12720517483793E-00005, 0.59875093372780E+00002, 0.10001479765276E+00001, 0.25671972094866E+00000, -.10672109157908E+00002, 0.10182715072509E-00001, 0.40288537723937E-00007
0.79859620943659E+00001, 0.10293610503383E-00001, 0.10290918015231E-00001, 0.98559536487936E-00001, 0.98457598033425E-00001, 0.82062203924315E+00001, 0.10293584077094E-00001, 0.10293610503383E-00001, 0.10293590027838E-00001, -.26720126075432E-00005, 0.59435643059092E+00002, 0.10001496487921E+00001, 0.25633251385383E+00000, -.10672113333587E+00002, 0.10293557650806E-00001, 0.40951091574178E-00007
0.80000000000000E+00001, 0.10346947294356E-00001, 0.10341565241255E-00001, 0.98414617942869E-00001, 0.98312754830810E-00001, 0.82486969921518E+00001, 0.10346920458421E-00001, 0.10346947294356E-00001, 0.10346926548789E-00001, -.53613075337048E-00005, 0.58910634097263E+00002, 0.10001504620527E+00001, 0.25614399328355E+00000, -.10672115364707E+00002, 0.10346893622487E-00001, 0.41491133768341E-00007
0.80148994897261E+00001, 0.10403162526620E-00001, 0.10394595466014E-00001, 0.98260027329993E-00001, 0.98158249384539E-00001, 0.82934669999820E+00001, 0.10403135083397E-00001, 0.10403162526620E-00001, 0.10403141358717E-00001, -.85458927031951E-00005, 0.58454677419996E+00002, 0.10001513293697E+00001, 0.25594273751498E+00000, -.10672117531904E+00002, 0.10403107640174E-00001, 0.42335805645543E-00007
0.80439585643201E+00001, 0.10511324299097E-00001, 0.10498327533049E-00001, 0.97956239890086E-00001, 0.97854634735835E-00001, 0.83796048668704E+00001, 0.10511293864828E-00001, 0.10511324299097E-00001, 0.10511300900462E-00001, -.12973367412392E-00004, 0.59879803370664E+00002, 0.10001530326724E+00001, 0.25554678617960E+00000, -.10672121792201E+00002, 0.10511263430558E-00001, 0.46797270825722E-00007
0.80729871227066E+00001, 0.10616243975009E-00001, 0.10604166405085E-00001, 0.97649704795378E-00001, 0.97548289653290E-00001, 0.84631541558371E+00001, 0.10616210444260E-00001, 0.10616243975009E-00001, 0.10616218234925E-00001, -.12051829839993E-00004, 0.57247638322583E+00002, 0.10001547498456E+00001, 0.25514663077713E+00000, -.10672126091392E+00002, 0.10616176913511E-00001, 0.51480169043793E-00007
0.81020097187352E+00001, 0.10718060352610E-00001, 0.10709125267233E-00001, 0.97340109451256E-00001, 0.97238930647650E-00001, 0.85442265294714E+00001, 0.10718025015454E-00001, 0.10718060352610E-00001, 0.10718033359690E-00001, -.89080924570568E-00005, 0.57695120333497E+00002, 0.10001564836938E+00001, 0.25474184246181E+00000, -.10672130431688E+00002, 0.10717989678298E-00001, 0.53985840008398E-00007
0.81310242418133E+00001, 0.10816229772154E-00001, 0.10808137282100E-00001, 0.97027549617090E-00001, 0.96926691346368E-00001, 0.86224071402428E+00001, 0.10816194699443E-00001, 0.10816229772154E-00001, 0.10816202796222E-00001, -.80655141222778E-00005, 0.57396943420568E+00002, 0.10001582354259E+00001, 0.25433252461701E+00000, -.10672134811344E+00002, 0.10816159626731E-00001, 0.53951863119775E-00007
0.81600161459932E+00001, 0.10910809017991E-00001, 0.10901948064341E-00001, 0.96712331991068E-00001, 0.96611905516928E-00001, 0.86977536864180E+00001, 0.10910774193904E-00001, 0.10910809017991E-00001, 0.10910782232481E-00001, -.88341681392291E-00005, 0.56730510615504E+00002, 0.10001600036756E+00001, 0.25391905795754E+00000, -.10672139226612E+00002, 0.10910739369817E-00001, 0.53571019256033E-00007
0.81889914631494E+00001, 0.11001595925774E-00001, 0.10991922825334E-00001, 0.96394528431357E-00001, 0.96294630080721E-00001, 0.87700962671404E+00001, 0.11001558504872E-00001, 0.11001595925774E-00001, 0.11001566853621E-00001, -.96440282861741E-00005, 0.55784487866221E+00002, 0.10001617865220E+00001, 0.25350151667049E+00000, -.10672143676964E+00002, 0.11001521083972E-00001, 0.58144306030285E-00007
0.82179719944350E+00001, 0.11087952737901E-00001, 0.11077668846256E-00001, 0.96074078791140E-00001, 0.95974741012044E-00001, 0.88389118396910E+00001, 0.11087913493835E-00001, 0.11087952737901E-00001, 0.11087921654412E-00001, -.10252808156929E-00004, 0.56718984664581E+00002, 0.10001635827307E+00001, 0.25307980136858E+00000, -.10672148164141E+00002, 0.11087874249769E-00001, 0.62166977640392E-00007
0.82469502800260E+00001, 0.11170559623168E-00001, 0.11161407725968E-00001, 0.95751226783644E-00001, 0.95652417130579E-00001, 0.89047147616016E+00001, 0.11170512146543E-00001, 0.11170559623168E-00001, 0.11170522456348E-00001, -.91147303803825E-00005, 0.57245472738387E+00002, 0.10001653904717E+00001, 0.25265421268820E+00000, -.10672152685264E+00002, 0.11170464669919E-00001, 0.74333639956722E-00007
0.82759363225389E+00001, 0.11247599593377E-00001, 0.11239526218305E-00001, 0.95425941181344E-00001, 0.95327628947698E-00001, 0.89660877334816E+00001, 0.11247545698142E-00001, 0.11247599593377E-00001, 0.11247555761548E-00001, -.80295432435562E-00005, 0.57417867508390E+00002, 0.10001672106776E+00001, 0.25222468975280E+00000, -.10672157240271E+00002, 0.11247491802906E-00001, 0.87663657639346E-00007
0.83049398004592E+00001, 0.11323205390139E-00001, 0.11312702872222E-00001, 0.95098242494614E-00001, 0.95000474896243E-00001, 0.90263636051270E+00001, 0.11323161984558E-00001, 0.11323205390139E-00001, 0.11323169520001E-00001, -.10466647778852E-00004, 0.58266162690959E+00002, 0.10001690450156E+00001, 0.25179123958101E+00000, -.10672161828569E+00002, 0.11323118578975E-00001, 0.71740275521413E-00007
0.83339888700339E+00001, 0.11396357581209E-00001, 0.11383356238198E-00001, 0.94767816316073E-00001, 0.94670726154462E-00001, 0.90846847078153E+00001, 0.11396305644967E-00001, 0.11396357581209E-00001, 0.11396317226383E-00001, -.12960988184994E-00004, 0.58174444286987E+00002, 0.10001708963518E+00001, 0.25135342490349E+00000, -.10672166454291E+00002, 0.11396253708724E-00001, 0.80709653413364E-00007
0.83630710751263E+00001, 0.11470125286135E-00001, 0.11457798509013E-00001, 0.94434779046907E-00001, 0.94338497716318E-00001, 0.91435234707773E+00001, 0.11470070147557E-00001, 0.11470125286135E-00001, 0.11470082163103E-00001, -.12283654089882E-00004, 0.57291509317987E+00002, 0.10001727630523E+00001, 0.25091137751127E+00000, -.10672171115057E+00002, 0.11470015008981E-00001, 0.86246063395239E-00007
0.83921673048766E+00001, 0.11547515232396E-00001, 0.11536788209314E-00001, 0.94099310860565E-00001, 0.94003875579348E-00001, 0.92052505504548E+00001, 0.11547461165373E-00001, 0.11547515232396E-00001, 0.11547472465856E-00001, -.10684256541166E-00004, 0.60188395591183E+00002, 0.10001746423281E+00001, 0.25046531477840E+00000, -.10672175808661E+00002, 0.11547407098351E-00001, 0.85533079466347E-00007
0.84212097967960E+00001, 0.11628868267401E-00001, 0.11618535215438E-00001, 0.93762192969610E-00001, 0.93667550203612E-00001, 0.92701239658776E+00001, 0.11628820821529E-00001, 0.11628868267401E-00001, 0.11628831060376E-00001, -.10295844937580E-00004, 0.55633231755142E+00002, 0.10001765289602E+00001, 0.25001625676425E+00000, -.10672180525572E+00002, 0.11628773375658E-00001, 0.74414049558881E-00007
0.84502461382369E+00001, 0.11717092695516E-00001, 0.11706330912089E-00001, 0.93422730113983E-00001, 0.93328842828030E-00001, 0.93404397396816E+00001, 0.11717043296694E-00001, 0.11717092695516E-00001, 0.11717054192458E-00001, -.10723280368947E-00004, 0.51891323787165E+00002, 0.10001784271237E+00001, 0.24956325866599E+00000, -.10672185275725E+00002, 0.11716993897871E-00001, 0.77006115590074E-00007
0.84792862420329E+00001, 0.11815404771090E-00001, 0.11801919000465E-00001, 0.93080508312723E-00001, 0.92987437522604E-00001, 0.94188068113145E+00001, 0.11815361756279E-00001, 0.11815404771090E-00001, 0.11815370802661E-00001, -.13451802195633E-00004, 0.50971678678440E+00002, 0.10001803404824E+00001, 0.24910574503307E+00000, -.10672190064158E+00002, 0.11815318741468E-00001, 0.67936858356998E-00007
0.85000000000000E+00001, 0.11890032956010E-00001, 0.11873774831038E-00001, 0.92834596320039E-00001, 0.92742183655619E-00001, 0.94783056763479E+00001, 0.11889993035557E-00001, 0.11890032956010E-00001, 0.11890001240005E-00001, -.16226408966581E-00004, 0.52013717492409E+00002, 0.10001817161992E+00001, 0.24877646769746E+00000, -.10672193504755E+00002, 0.11889953115105E-00001, 0.63432010507787E-00007
0.85081783596693E+00001, 0.11920442048728E-00001, 0.11903353352253E-00001, 0.92737069018049E-00001, 0.92644932110661E-00001, 0.95025526768284E+00001, 0.11920402208540E-00001, 0.11920442048728E-00001, 0.11920410203623E-00001, -.17056851369734E-00004, 0.52530466630843E+00002, 0.10001822620681E+00001, 0.24864575741142E+00000, -.10672194869248E+00002, 0.11920362368351E-00001, 0.63690212299837E-00007
0.85372793039833E+00001, 0.12032842542722E-00001, 0.12015455061804E-00001, 0.92387958071781E-00001, 0.92296835218335E-00001, 0.95921919533916E+00001, 0.12032799525385E-00001, 0.12032842542722E-00001, 0.12032807672304E-00001, -.17352610500043E-00004, 0.54606972651725E+00002, 0.10001842169313E+00001, 0.24817729962238E+00000, -.10672199753496E+00002, 0.12032756508047E-00001, 0.69740836325482E-00007
0.85664016370053E+00001, 0.12148669578892E-00001, 0.12133680098633E-00001, 0.92035239062478E-00001, 0.91945101121473E-00001, 0.96845766666527E+00001, 0.12148623223902E-00001, 0.12148669578892E-00001, 0.12148632180451E-00001, -.14952081817742E-00004, 0.54599152110011E+00002, 0.10001861919961E+00001, 0.24770310058950E+00000, -.10672204688045E+00002, 0.12148576868911E-00001, 0.74796881995682E-00007
0.85955053754506E+00001, 0.12263457082641E-00001, 0.12250379551516E-00001, 0.91679378530519E-00001, 0.91590152639784E-00001, 0.97761025701127E+00001, 0.12263404401129E-00001, 0.12263457082641E-00001, 0.12263414963815E-00001, -.13035412299862E-00004, 0.57273095900883E+00002, 0.10001881833155E+00001, 0.24722375631604E+00000, -.10672209666579E+00002, 0.12263351719617E-00001, 0.84237651271552E-00007
0.86245400097718E+00001, 0.12372677214500E-00001, 0.12360829785148E-00001, 0.91321063677248E-00001, 0.91232734931534E-00001, 0.98631548101229E+00001, 0.12372621271742E-00001, 0.12372677214500E-00001, 0.12372632478520E-00001, -.11802693371438E-00004, 0.57912619073537E+00002, 0.10001901867914E+00001, 0.24674016519036E+00000, -.10672214678979E+00002, 0.12372565328983E-00001, 0.89471961834302E-00007
0.86535409681669E+00001, 0.12471179918456E-00001, 0.12458837596297E-00001, 0.90960044540991E-00001, 0.90872675635454E-00001, 0.99416583160004E+00001, 0.12471122606716E-00001, 0.12471179918456E-00001, 0.12471134167995E-00001, -.12296571698197E-00004, 0.60414632732486E+00002, 0.10001922046187E+00001, 0.24625196383784E+00000, -.10672219728050E+00002, 0.12471065294975E-00001, 0.91500922769695E-00007
0.86825910878288E+00001, 0.12555810142151E-00001, 0.12539622814965E-00001, 0.90595750822959E-00001, 0.90509393854218E-00001, 0.10009142686566E+00002, 0.12555751906618E-00001, 0.12555810142151E-00001, 0.12555763737684E-00001, -.16140922718483E-00004, 0.62825376631378E+00002, 0.10001942416559E+00001, 0.24575835126259E+00000, -.10672224823088E+00002, 0.12555693671087E-00001, 0.92808934878027E-00007
0.87117213986879E+00001, 0.12624735928008E-00001, 0.12604865565126E-00001, 0.90228376966501E-00001, 0.90142987134469E-00001, 0.10064163120233E+00002, 0.12624675501513E-00001, 0.12624735928008E-00001, 0.12624687575282E-00001, -.19822010155561E-00004, 0.64863051393549E+00002, 0.10001962978954E+00001, 0.24525955906142E+00000, -.10672229963565E+00002, 0.12624615075018E-00001, 0.96705453101993E-00007
0.87408542456556E+00001, 0.12678364897976E-00001, 0.12658499983152E-00001, 0.89859359026936E-00001, 0.89774827641064E-00001, 0.10107028403306E+00002, 0.12678305385877E-00001, 0.12678364897976E-00001, 0.12678317409628E-00001, -.19817426476665E-00004, 0.69597099316721E+00002, 0.10001983644031E+00001, 0.24475751132762E+00000, -.10672235129286E+00002, 0.12678245873775E-00001, 0.94976696382596E-00007
0.87699897006113E+00001, 0.12718589412517E-00001, 0.12700308234689E-00001, 0.89488963008666E-00001, 0.89405242447021E-00001, 0.10139206314558E+00002, 0.12718528421809E-00001, 0.12718589412517E-00001, 0.12718540807672E-00001, -.18232572983388E-00004, 0.72085739062109E+00002, 0.10002004379227E+00001, 0.24425255100499E+00000, -.10672240314469E+00002, 0.12718467431100E-00001, 0.97209691578948E-00007
0.87991331818560E+00001, 0.12747885091393E-00001, 0.12731300004813E-00001, 0.89117343954456E-00001, 0.89034496787747E-00001, 0.10162671856564E+00002, 0.12747823342994E-00001, 0.12747885091393E-00001, 0.12747836087860E-00001, -.16536083047238E-00004, 0.67856992130210E+00002, 0.10002025166887E+00001, 0.24374487202053E+00000, -.10672245515223E+00002, 0.12747761594596E-00001, 0.98007065589693E-00007
0.88282484417548E+00001, 0.12769357820919E-00001, 0.12755231030019E-00001, 0.88745196921781E-00001, 0.88663303530043E-00001, 0.10179895640361E+00002, 0.12769287775519E-00001, 0.12769357820919E-00001, 0.12769303091719E-00001, -.14072061699962E-00004, 0.70031261441873E+00002, 0.10002045970993E+00001, 0.24323540986978E+00000, -.10672250721330E+00002, 0.12769217730117E-00001, 0.10945840023749E-00006
0.88573783562328E+00001, 0.12785399481224E-00001, 0.12771040329947E-00001, 0.88372301746700E-00001, 0.88291349474591E-00001, 0.10192824367614E+00002, 0.12785330836574E-00001, 0.12785399481224E-00001, 0.12785346236021E-00001, -.14305906073855E-00004, 0.65607175726949E+00002, 0.10002066818523E+00001, 0.24272385097294E+00000, -.10672255937493E+00002, 0.12785262191924E-00001, 0.10649040593358E-00006
0.88865293265854E+00001, 0.12799825044193E-00001, 0.12782169002065E-00001, 0.87998875118097E-00001, 0.87918761288522E-00001, 0.10204475198357E+00002, 0.12799757122743E-00001, 0.12799825044193E-00001, 0.12799772572344E-00001, -.17603570279241E-00004, 0.63728998747787E+00002, 0.10002087713681E+00001, 0.24221048025508E+00000, -.10672261163347E+00002, 0.12799689201293E-00001, 0.10494369813273E-00006
0.89156717190848E+00001, 0.12810757914128E-00001, 0.12791587322493E-00001, 0.87625337557310E-00001, 0.87545976173572E-00001, 0.10213338079350E+00002, 0.12810689977223E-00001, 0.12810757914128E-00001, 0.12810704364907E-00001, -.19117042413749E-00004, 0.62754747472754E+00002, 0.10002108629744E+00001, 0.24169586613112E+00000, -.10672266393064E+00002, 0.12810622040318E-00001, 0.10709844323485E-00006
0.89448146827319E+00001, 0.12820246742244E-00001, 0.12801835612944E-00001, 0.87251493093599E-00001, 0.87172894300497E-00001, 0.10221039814618E+00002, 0.12820178597885E-00001, 0.12820246742244E-00001, 0.12820191957595E-00001, -.18356344650754E-00004, 0.61948000733771E+00002, 0.10002129559034E+00001, 0.24117972979170E+00000, -.10672271626983E+00002, 0.12820110453526E-00001, 0.10956929893264E-00006
0.89739604567344E+00001, 0.12821927199673E-00001, 0.12803654338567E-00001, 0.86877334894155E-00001, 0.86799578578165E-00001, 0.10222494752021E+00002, 0.12821859882518E-00001, 0.12821927199673E-00001, 0.12821871661161E-00001, -.18217322593892E-00004, 0.59616258868938E+00002, 0.10002150491437E+00001, 0.24066205197906E+00000, -.10672276863928E+00002, 0.12821792565364E-00001, 0.11107702331344E-00006
0.90000000000000E+00001, 0.12818923571025E-00001, 0.12800608080880E-00001, 0.86543004806386E-00001, 0.86466064601160E-00001, 0.10220184471626E+00002, 0.12818853446566E-00001, 0.12818923571025E-00001, 0.12818866760464E-00001, -.18258679583514E-00004, 0.58646302373379E+00002, 0.10002169184612E+00001, 0.24019853566912E+00000, -.10672281542534E+00002, 0.12818783322106E-00001, 0.11362112480919E-00006
0.90029109338414E+00001, 0.12817914182045E-00001, 0.12799619281135E-00001, 0.86505635050914E-00001, 0.86428788283191E-00001, 0.10219387891437E+00002, 0.12817843329129E-00001, 0.12817914182045E-00001, 0.12817856920977E-00001, -.18237639842020E-00004, 0.58524367469907E+00002, 0.10002171273587E+00001, 0.24014667053131E+00000, -.10672282065453E+00002, 0.12817772476213E-00001, 0.11452213635843E-00006
0.90320257598939E+00001, 0.12803961839795E-00001, 0.12785421718173E-00001, 0.86132070445776E-00001, 0.86056168530670E-00001, 0.10208374089019E+00002, 0.12803898293652E-00001, 0.12803961839795E-00001, 0.12803910422932E-00001, -.18488704758985E-00004, 0.56901356973483E+00002, 0.10002192154227E+00001, 0.23962758667813E+00000, -.10672287292610E+00002, 0.12803834747508E-00001, 0.10283372654039E-00006
0.90612049976989E+00001, 0.12780641914611E-00001, 0.12761162434411E-00001, 0.85758246504590E-00001, 0.85683298050049E-00001, 0.10189925132494E+00002, 0.12780585785814E-00001, 0.12780641914611E-00001, 0.12780596174057E-00001, -.19433739645873E-00004, 0.57982698882507E+00002, 0.10002213054641E+00001, 0.23910701440232E+00000, -.10672292523482E+00002, 0.12780529657018E-00001, 0.91481107380136E-00007
0.90904882755036E+00001, 0.12746584669932E-00001, 0.12728037132935E-00001, 0.85383942228913E-00001, 0.85309955957703E-00001, 0.10162958006886E+00002, 0.12746531682393E-00001, 0.12746584669932E-00001, 0.12746541754153E-00001, -.18504621218359E-00004, 0.61489054364827E+00002, 0.10002233992654E+00001, 0.23858463519810E+00000, -.10672297761008E+00002, 0.12746478694854E-00001, 0.85831556774551E-00007
0.91197751921508E+00001, 0.12701777807984E-00001, 0.12686130162274E-00001, 0.85010645780414E-00001, 0.84937627479297E-00001, 0.10127442641278E+00002, 0.12701720389403E-00001, 0.12701777807984E-00001, 0.12701732247047E-00001, -.15602084772861E-00004, 0.62725718808413E+00002, 0.10002254875510E+00001, 0.23806252089233E+00000, -.10672302983372E+00002, 0.12701662970823E-00001, 0.91121875048657E-00007
0.91490883125528E+00001, 0.12646650326422E-00001, 0.12631236535704E-00001, 0.84638423282221E-00001, 0.84566380618562E-00001, 0.10083708577207E+00002, 0.12646589903951E-00001, 0.12646650326422E-00001, 0.12646601953325E-00001, -.15365417620720E-00004, 0.65038933721320E+00002, 0.10002275686512E+00001, 0.23754076602024E+00000, -.10672308189786E+00002, 0.12646529481481E-00001, 0.96746193176064E-00007
0.91784608540196E+00001, 0.12579632373630E-00001, 0.12561631029762E-00001, 0.84267211939771E-00001, 0.84196179943058E-00001, 0.10030491925258E+00002, 0.12579564885299E-00001, 0.12579632373630E-00001, 0.12579577624790E-00001, -.17946595028079E-00004, 0.63269382377464E+00002, 0.10002296425260E+00001, 0.23701928464406E+00000, -.10672313382172E+00002, 0.12579497396967E-00001, 0.10949767952501E-00006
0.92078770840216E+00001, 0.12502555370453E-00001, 0.12482975866649E-00001, 0.83897575129854E-00001, 0.83827620120588E-00001, 0.99692712137599E+00001, 0.12502485463082E-00001, 0.12502555370453E-00001, 0.12502499152153E-00001, -.19523285504294E-00004, 0.61415999864023E+00002, 0.10002317065799E+00001, 0.23649887262572E+00000, -.10672318552559E+00002, 0.12502415555713E-00001, 0.11243660098220E-00006
0.92373186700072E+00001, 0.12418393610553E-00001, 0.12399022677392E-00001, 0.83529973566804E-00001, 0.83461143230799E-00001, 0.99024275887275E+00001, 0.12418322002526E-00001, 0.12418393610553E-00001, 0.12418334538170E-00001, -.19311860777675E-00004, 0.60500334893949E+00002, 0.10002337596690E+00001, 0.23598018782206E+00000, -.10672323694050E+00002, 0.12418250394498E-00001, 0.11814476703615E-00006
0.92667825347554E+00001, 0.12327486108334E-00001, 0.12310132314055E-00001, 0.83164696981476E-00001, 0.83096952288037E-00001, 0.98302270112057E+00001, 0.12327423257176E-00001, 0.12327486108334E-00001, 0.12327435190663E-00001, -.17302876608159E-00004, 0.59058372356119E+00002, 0.10002358013910E+00001, 0.23546365180423E+00000, -.10672328803091E+00002, 0.12327360406018E-00001, 0.10183534194519E-00006
0.92962834992735E+00001, 0.12232116859727E-00001, 0.12219153269563E-00001, 0.82801750228294E-00001, 0.82734966414385E-00001, 0.97544201047209E+00001, 0.12232050373719E-00001, 0.12232116859727E-00001, 0.12232062883073E-00001, -.12909613510395E-00004, 0.56740619263798E+00002, 0.10002378310743E+00001, 0.23494928563173E+00000, -.10672333879836E+00002, 0.12231983887711E-00001, 0.10795330688022E-00006
0.93257255261768E+00001, 0.12136970587068E-00001, 0.12125989387055E-00001, 0.82442359664080E-00001, 0.82376424935990E-00001, 0.96787577046534E+00001, 0.12136912115838E-00001, 0.12136970587068E-00001, 0.12136923262457E-00001, -.10933875402262E-00004, 0.55389071143802E+00002, 0.10002398401497E+00001, 0.23443884727021E+00000, -.10672338906808E+00002, 0.12136853644607E-00001, 0.94649222662193E-00007
0.93551407001994E+00001, 0.12046686541197E-00001, 0.12033025023916E-00001, 0.82086058010077E-00001, 0.82020977406904E-00001, 0.96069239795722E+00001, 0.12046632450110E-00001, 0.12046686541197E-00001, 0.12046642796171E-00001, -.13617772254859E-00004, 0.53900635670355E+00002, 0.10002418305655E+00001, 0.23393169659835E+00000, -.10672343890592E+00002, 0.12046578359023E-00001, 0.87490050505108E-00007
0.93845960376601E+00001, 0.11965375921223E-00001, 0.11947986706162E-00001, 0.81731820840885E-00001, 0.81667704296312E-00001, 0.95422309648001E+00001, 0.11965327521578E-00001, 0.11965375921223E-00001, 0.11965336255607E-00001, -.17349549445095E-00004, 0.52581835131409E+00002, 0.10002438085646E+00001, 0.23342639216805E+00000, -.10672348845387E+00002, 0.11965279121931E-00001, 0.79331231808197E-00007
0.94141061068882E+00001, 0.11895745456913E-00001, 0.11876562882283E-00001, 0.81379148961850E-00001, 0.81316096317971E-00001, 0.94868550770982E+00001, 0.11895700564766E-00001, 0.11895745456913E-00001, 0.11895709099730E-00001, -.19146217446380E-00004, 0.55695913349099E+00002, 0.10002457778795E+00001, 0.23292223160224E+00000, -.10672353778019E+00002, 0.11895655672617E-00001, 0.72714367508556E-00007
0.94436360174469E+00001, 0.11841872812367E-00001, 0.11823789061473E-00001, 0.81028105143519E-00001, 0.80966112534637E-00001, 0.94440547916027E+00001, 0.11841829320466E-00001, 0.11841872812367E-00001, 0.11841837950473E-00001, -.18048889000665E-00004, 0.58662402030804E+00002, 0.10002477389401E+00001, 0.23241931236958E+00000, -.10672358688063E+00002, 0.11841785828565E-00001, 0.69723787949186E-00007
0.94731596228154E+00001, 0.11798514035614E-00001, 0.11785301338398E-00001, 0.80678557555396E-00001, 0.80617537299827E-00001, 0.94096314327067E+00001, 0.11798470994987E-00001, 0.11798514035614E-00001, 0.11798479428482E-00001, -.13178090083528E-00004, 0.56824320667172E+00002, 0.10002496921874E+00001, 0.23191745306667E+00000, -.10672363577095E+00002, 0.11798427954360E-00001, 0.69214265487367E-00007
0.95000000000000E+00001, 0.11767584690630E-00001, 0.11759069173659E-00001, 0.80361701778437E-00001, 0.80301493864536E-00001, 0.93850907438040E+00001, 0.11767544587294E-00001, 0.11767584690630E-00001, 0.11767552343693E-00001, -.84831700342231E-00005, 0.57722126187983E+00002, 0.10002514623641E+00001, 0.23146159044708E+00000, -.10672368007856E+00002, 0.11767504483956E-00001, 0.64693875342013E-00007
0.95025832097666E+00001, 0.11764955539304E-00001, 0.11756714502636E-00001, 0.80331244340183E-00001, 0.80271112832257E-00001, 0.93830049070523E+00001, 0.11764915587736E-00001, 0.11764955539304E-00001, 0.11764923291751E-00001, -.82087891149495E-00005, 0.57919337248327E+00002, 0.10002516324850E+00001, 0.23141772381012E+00000, -.10672368433697E+00002, 0.11764875636166E-00001, 0.64495107732217E-00007
0.95321193621355E+00001, 0.11737492509721E-00001, 0.11728836812100E-00001, 0.79983434326189E-00001, 0.79924181928925E-00001, 0.93612246555875E+00001, 0.11737454954092E-00001, 0.11737492509721E-00001, 0.11737461939495E-00001, -.86251273948763E-00005, 0.57588915718812E+00002, 0.10002535748910E+00001, 0.23091619594735E+00000, -.10672373296313E+00002, 0.11737417398462E-00001, 0.61140452167412E-00007
0.95617029247739E+00001, 0.11714360266696E-00001, 0.11700486398407E-00001, 0.79635861159501E-00001, 0.79577540126218E-00001, 0.93429121670437E+00001, 0.11714325312348E-00001, 0.11714360266696E-00001, 0.11714331837763E-00001, -.13845439356269E-00004, 0.57396564627575E+00002, 0.10002555158952E+00001, 0.23041391908115E+00000, -.10672378156149E+00002, 0.11714290358000E-00001, 0.56857868070420E-00007
0.95913090100295E+00001, 0.11692726790516E-00001, 0.11673392516833E-00001, 0.79288765956446E-00001, 0.79231456507604E-00001, 0.93258367489693E+00001, 0.11692692722713E-00001, 0.11692726790516E-00001, 0.11692698703425E-00001, -.19306186591866E-00004, 0.56371900800684E+00002, 0.10002574545218E+00001, 0.22991123788170E+00000, -.10672383010474E+00002, 0.11692658654910E-00001, 0.56174181966058E-00007
0.96209433254422E+00001, 0.11671148661845E-00001, 0.11649068744190E-00001, 0.78942053325431E-00001, 0.78885814266311E-00001, 0.93088600320886E+00001, 0.11671117091307E-00001, 0.11671148661845E-00001, 0.11671122269382E-00001, -.22053525191608E-00004, 0.56081712017523E+00002, 0.10002593914881E+00001, 0.22940801108568E+00000, -.10672387860349E+00002, 0.11671085520769E-00001, 0.52784925023959E-00007
0.96505906439831E+00001, 0.11648405305494E-00001, 0.11628461781875E-00001, 0.78595876359835E-00001, 0.78540688951725E-00001, 0.92909851307353E+00001, 0.11648375605015E-00001, 0.11648405305494E-00001, 0.11648380193529E-00001, -.19918411654329E-00004, 0.53431679237269E+00002, 0.10002613259534E+00001, 0.22890445803120E+00000, -.10672392703094E+00002, 0.11648345904537E-00001, 0.50223930092708E-00007
0.96802377693159E+00001, 0.11622797560682E-00001, 0.11608905109610E-00001, 0.78250396071055E-00001, 0.78196150751959E-00001, 0.92708249199735E+00001, 0.11622769600835E-00001, 0.11622797560682E-00001, 0.11622773744261E-00001, -.13868634651250E-00004, 0.56416356629166E+00002, 0.10002632564750E+00001, 0.22840081154417E+00000, -.10672397535702E+00002, 0.11622741640988E-00001, 0.47632841303406E-00007
0.97097986379332E+00001, 0.11593989091983E-00001, 0.11584122173326E-00001, 0.77906675518199E-00001, 0.77853251321911E-00001, 0.92480894353424E+00001, 0.11593962688884E-00001, 0.11593989091983E-00001, 0.11593965993825E-00001, -.98438204988057E-00005, 0.61000458742094E+00002, 0.10002651766217E+00001, 0.22789862588177E+00000, -.10672402342951E+00002, 0.11593936285787E-00001, 0.46196316103848E-00007
0.97392694625964E+00001, 0.11562226921488E-00001, 0.11550682046923E-00001, 0.77564870329167E-00001, 0.77512255049104E-00001, 0.92229811989442E+00001, 0.11562201200109E-00001, 0.11562226921488E-00001, 0.11562203692358E-00001, -.11521645434444E-00004, 0.65757808665775E+00002, 0.10002670858122E+00001, 0.22739813885073E+00000, -.10672407122996E+00002, 0.11562175478730E-00001, 0.46458260103587E-00007
0.97686453222919E+00001, 0.11528052954668E-00001, 0.11512143815644E-00001, 0.77225125384833E-00001, 0.77173428783955E-00001, 0.91959585526342E+00001, 0.11528028149124E-00001, 0.11528052954668E-00001, 0.11528029953072E-00001, -.15886137427914E-00004, 0.71330405742085E+00002, 0.10002689837702E+00001, 0.22689957453292E+00000, -.10672411873999E+00002, 0.11528003343580E-00001, 0.46003191583355E-00007
0.97979627353615E+00001, 0.11492440844538E-00001, 0.11473669398306E-00001, 0.76887088617037E-00001, 0.76836416034845E-00001, 0.91678108794387E+00001, 0.11492416245770E-00001, 0.11492440844538E-00001, 0.11492417716072E-00001, -.18748317765750E-00004, 0.80917982028454E+00002, 0.10002708726788E+00001, 0.22640242727945E+00000, -.10672416601131E+00002, 0.11492391647001E-00001, 0.46256934065703E-00007
0.98271654061441E+00001, 0.11456893742659E-00001, 0.11438897671517E-00001, 0.76551482360955E-00001, 0.76501797054256E-00001, 0.91397239634650E+00001, 0.11456868836265E-00001, 0.11456893742659E-00001, 0.11456870214180E-00001, -.17972542663245E-00004, 0.90313949211843E+00002, 0.10002727484297E+00001, 0.22590777227437E+00000, -.10672421295141E+00002, 0.11456843929871E-00001, 0.47056958236505E-00007
0.98562321023576E+00001, 0.11422896606138E-00001, 0.11409572675515E-00001, 0.76218526086435E-00001, 0.76169662495566E-00001, 0.91128531571118E+00001, 0.11422870908455E-00001, 0.11422896606138E-00001, 0.11422872323572E-00001, -.13299648056542E-00004, 0.94264338026265E+00002, 0.10002746092388E+00001, 0.22541595046556E+00000, -.10672425953107E+00002, 0.11422845210772E-00001, 0.48565132691077E-00007
0.98851381524619E+00001, 0.11391741721961E-00001, 0.11382747847141E-00001, 0.75888352381294E-00001, 0.75840157891413E-00001, 0.90882132714114E+00001, 0.11391715102477E-00001, 0.11391741721961E-00001, 0.11391716579645E-00001, -.89687325045606E-00005, 0.99541077715136E+00002, 0.10002764537715E+00001, 0.22492717692814E+00000, -.10672430572138E+00002, 0.11391688482991E-00001, 0.50284632831360E-00007
0.99139564962746E+00001, 0.11363015868390E-00001, 0.11353339205483E-00001, 0.75560004787905E-00001, 0.75512448727816E-00001, 0.90654917685855E+00001, 0.11362987681342E-00001, 0.11363015868390E-00001, 0.11362989803621E-00001, -.96505981374587E-00005, 0.11695706323263E+00003, 0.10002782878587E+00001, 0.22444005107215E+00000, -.10672435165171E+00002, 0.11362959494296E-00001, 0.52129538501779E-00007
0.99428170043588E+00001, 0.11334590012414E-00001, 0.11320910030687E-00001, 0.75232011349620E-00001, 0.75185155165981E-00001, 0.90430353636235E+00001, 0.11334559879664E-00001, 0.11334590012414E-00001, 0.11334563700364E-00001, -.13653669677146E-00004, 0.13507307406571E+00003, 0.10002801209671E+00001, 0.22395239278266E+00000, -.10672439753454E+00002, 0.11334529746914E-00001, 0.52624100360645E-00007
0.99717962161842E+00001, 0.11303631513575E-00001, 0.11287356054527E-00001, 0.74903592859836E-00001, 0.74857482163705E-00001, 0.90186325507009E+00001, 0.11303603096012E-00001, 0.11303631513575E-00001, 0.11303606740750E-00001, -.16250686222994E-00004, 0.14677882280113E+00003, 0.10002819580240E+00001, 0.22346303625706E+00000, -.10672444348486E+00002, 0.11303574678450E-00001, 0.49545649473771E-00007
0.10000000000000E+00002, 0.11274166374361E-00001, 0.11258445151407E-00001, 0.74584908776528E-00001, 0.74539488657996E-00001, 0.89954531927969E+00001, 0.11274141247234E-00001, 0.11274166374361E-00001, 0.11274144333638E-00001, -.15699182230594E-00004, 0.12939383446480E+00003, 0.10002837414508E+00001, 0.22298715774162E+00000, -.10672448808130E+00002, 0.11274116120108E-00001, 0.44081445945584E-00007
0.10000912865796E+00002, 0.11273341753701E-00001, 0.11257688204715E-00001, 0.74574608533882E-00001, 0.74529209454299E-00001, 0.89948054680464E+00001, 0.11273316687259E-00001, 0.11273341753701E-00001, 0.11273319769426E-00001, -.15631564711211E-00004, 0.12777284147323E+00003, 0.10002837990916E+00001, 0.22297175984697E+00000, -.10672448952281E+00002, 0.11273291620817E-00001, 0.43968552500785E-00007
0.10030194649549E+00002, 0.11252104750887E-00001, 0.11240013591525E-00001, 0.74244569013876E-00001, 0.74199792640162E-00001, 0.89781539932285E+00001, 0.11252080520111E-00001, 0.11252104750887E-00001, 0.11252083694122E-00001, -.12070102597081E-00004, 0.86717844562550E+00002, 0.10002856454017E+00001, 0.22247781764163E+00000, -.10672453571180E+00002, 0.11252056289336E-00001, 0.42113530006136E-00007
0.10059506928656E+00002, 0.11239585570179E-00001, 0.11231948797285E-00001, 0.73914637894657E-00001, 0.73870393308747E-00001, 0.89683861235312E+00001, 0.11239563837318E-00001, 0.11239585570179E-00001, 0.11239565859793E-00001, -.76170625074698E-00005, 0.75813817733953E+00002, 0.10002874893595E+00001, 0.22198293912620E+00000, -.10672458188021E+00002, 0.11239542104459E-00001, 0.39420769705471E-00007
0.10088757725427E+00002, 0.11229909948329E-00001, 0.11223459287530E-00001, 0.73585671045304E-00001, 0.73541902082076E-00001, 0.89608392652381E+00001, 0.11229888206395E-00001, 0.11229909948329E-00001, 0.11229889515940E-00001, -.64302284102725E-00005, 0.68892486980965E+00002, 0.10002893268647E+00001, 0.22148840608529E+00000, -.10672462790804E+00002, 0.11229866464461E-00001, 0.40864777764240E-00007
0.10118035454160E+00002, 0.11219985307619E-00001, 0.11210403034064E-00001, 0.73256728742098E-00001, 0.73213432041017E-00001, 0.89530748421160E+00001, 0.11219963542135E-00001, 0.11219985307619E-00001, 0.11219966421856E-00001, -.95633877918571E-00005, 0.71493428149580E+00002, 0.10002911652117E+00001, 0.22099280341540E+00000, -.10672467393739E+00002, 0.11219941776649E-00001, 0.37771526787366E-00007
0.10147405961559E+00002, 0.11209057046126E-00001, 0.11196901727323E-00001, 0.72927113619245E-00001, 0.72884328891602E-00001, 0.89445018173960E+00001, 0.11209034375548E-00001, 0.11209057046126E-00001, 0.11209038292553E-00001, -.12136565229561E-00004, 0.86749331279525E+00002, 0.10002930093906E+00001, 0.22049506966407E+00000, -.10672472006869E+00002, 0.11209011704971E-00001, 0.37507145331195E-00007
0.10176818891870E+00002, 0.11196909375530E-00001, 0.11185835131109E-00001, 0.72597352660480E-00001, 0.72555111243180E-00001, 0.89349523081146E+00001, 0.11196886289658E-00001, 0.11196909375530E-00001, 0.11196890393580E-00001, -.11055262471326E-00004, 0.84910782796456E+00002, 0.10002948554819E+00001, 0.21999598884295E+00000, -.10672476621872E+00002, 0.11196863203787E-00001, 0.37963900785095E-00007
0.10206288341632E+00002, 0.11183182249184E-00001, 0.11175207249654E-00001, 0.72267308187135E-00001, 0.72225574554012E-00001, 0.89241277715395E+00001, 0.11183159421196E-00001, 0.11183182249184E-00001, 0.11183163511156E-00001, -.79562615017610E-00005, 0.76444396306299E+00002, 0.10002967026779E+00001, 0.21949534267973E+00000, -.10672481240359E+00002, 0.11183136593208E-00001, 0.37476055816879E-00007
0.10235804697433E+00002, 0.11167591781009E-00001, 0.11162816260916E-00001, 0.71937185004151E-00001, 0.71895850414988E-00001, 0.89117819227998E+00001, 0.11167569440954E-00001, 0.11167591781009E-00001, 0.11167573472912E-00001, -.47572119959168E-00005, 0.63243121696356E+00002, 0.10002985490251E+00001, 0.21899343217572E+00000, -.10672485860069E+00002, 0.11167547100899E-00001, 0.36616193203873E-00007
0.10265369161370E+00002, 0.11149447018913E-00001, 0.11145488216997E-00001, 0.71607061241139E-00001, 0.71566015648400E-00001, 0.88973527754045E+00001, 0.11149423802052E-00001, 0.11149447018913E-00001, 0.11149427962702E-00001, -.39397457051588E-00005, 0.59963864019687E+00002, 0.10003003943244E+00001, 0.21849036781384E+00000, -.10672490480352E+00002, 0.11149400585190E-00001, 0.38112422525440E-00007
0.10294964108737E+00002, 0.11128034619709E-00001, 0.11120470772413E-00001, 0.71277238851415E-00001, 0.71236463642887E-00001, 0.88802875399945E+00001, 0.11128010855228E-00001, 0.11128034619709E-00001, 0.11128015006618E-00001, -.75442342050178E-00005, 0.61626062232956E+00002, 0.10003022380914E+00001, 0.21798660333671E+00000, -.10672495097240E+00002, 0.11127987090746E-00001, 0.39226181833673E-00007
0.10324571524192E+00002, 0.11103582084770E-00001, 0.11091631096180E-00001, 0.70947999206010E-00001, 0.70907585733224E-00001, 0.88607907040267E+00001, 0.11103558325428E-00001, 0.11103582084770E-00001, 0.11103562519544E-00001, -.11931423363159E-00004, 0.61917601459745E+00002, 0.10003040798699E+00001, 0.21748256513417E+00000, -.10672499706539E+00002, 0.11103534566086E-00001, 0.39130452926001E-00007
0.10354151027122E+00002, 0.11075852057927E-00001, 0.11064101058986E-00001, 0.70619805444918E-00001, 0.70579860747321E-00001, 0.88386827776166E+00001, 0.11075829228826E-00001, 0.11075852057927E-00001, 0.11075833221493E-00001, -.11732162506791E-00004, 0.63274574253284E+00002, 0.10003059169119E+00001, 0.21697896279735E+00000, -.10672504300625E+00002, 0.11075806399725E-00001, 0.37672868949930E-00007
0.10383657637166E+00002, 0.11045003937317E-00001, 0.11037449853702E-00001, 0.70293205780603E-00001, 0.70253738806849E-00001, 0.88140788172299E+00001, 0.11044982362931E-00001, 0.11045003937317E-00001, 0.11044986073798E-00001, -.75362200962950E-00005, 0.61993371193672E+00002, 0.10003077451237E+00001, 0.21647664351396E+00000, -.10672508871189E+00002, 0.11044960788545E-00001, 0.35727038388243E-00007
0.10413126995682E+00002, 0.11010901878713E-00001, 0.11007923046137E-00001, 0.69967931795472E-00001, 0.69928850897286E-00001, 0.87868553786301E+00001, 0.11010880772297E-00001, 0.11010901878713E-00001, 0.11010884405851E-00001, -.29613597135075E-00005, 0.60592536746491E+00002, 0.10003095650054E+00001, 0.21597520196460E+00000, -.10672513422521E+00002, 0.11010859665880E-00001, 0.34945723766235E-00007
0.10442584694732E+00002, 0.10973719282351E-00001, 0.10972546634211E-00001, 0.69643816075184E-00001, 0.69605040325584E-00001, 0.87571572479393E+00001, 0.10973698536191E-00001, 0.10973719282351E-00001, 0.10973702114703E-00001, -.11554804924555E-00005, 0.61195985244581E+00002, 0.10003113768388E+00001, 0.21547438529159E+00000, -.10672517957320E+00002, 0.10973677790032E-00001, 0.34335295677963E-00007
0.10472048761471E+00002, 0.10933716301521E-00001, 0.10928727251741E-00001, 0.69320770112488E-00001, 0.69282325420720E-00001, 0.87252189150510E+00001, 0.10933696539191E-00001, 0.10933716301521E-00001, 0.10933699970441E-00001, -.49727186998252E-00005, 0.52419067376152E+00002, 0.10003131817034E+00001, 0.21497406062513E+00000, -.10672522477137E+00002, 0.10933676776861E-00001, 0.32662159782114E-00007
0.10500000000000E+00002, 0.10893675635050E-00001, 0.10881940219276E-00001, 0.69015500276144E-00001, 0.68977465983609E-00001, 0.86932807214439E+00001, 0.10893657840154E-00001, 0.10893675635050E-00001, 0.10893661049657E-00001, -.11720830381213E-00004, 0.49350434016855E+00002, 0.10003148881144E+00001, 0.21450019467923E+00000, -.10672526749128E+00002, 0.10893640045257E-00001, 0.29170786601841E-00007
0.10501471644543E+00002, 0.10891535174359E-00001, 0.10879485067075E-00001, 0.68999461688784E-00001, 0.68961451552435E-00001, 0.86915742659945E+00001, 0.10891517478888E-00001, 0.10891535174359E-00001, 0.10891520678619E-00001, -.12035611543999E-00004, 0.49458121257767E+00002, 0.10003149778205E+00001, 0.21447526926398E+00000, -.10672526973611E+00002, 0.10891499783417E-00001, 0.28991480520774E-00007
0.10530889672908E+00002, 0.10847743811440E-00001, 0.10832323605259E-00001, 0.68679568437512E-00001, 0.68642068095559E-00001, 0.86566772724258E+00001, 0.10847727638888E-00001, 0.10847743811440E-00001, 0.10847730701371E-00001, -.15407096111893E-00004, 0.52056671763649E+00002, 0.10003167681736E+00001, 0.21397751974995E+00000, -.10672531451539E+00002, 0.10847711466335E-00001, 0.26220137477323E-00007
0.10560288201947E+00002, 0.10802890117529E-00001, 0.10789406653970E-00001, 0.68361213175509E-00001, 0.68324217492310E-00001, 0.86209537855788E+00001, 0.10802875102737E-00001, 0.10802890117529E-00001, 0.10802878071674E-00001, -.13471417704496E-00004, 0.53977211155585E+00002, 0.10003185510358E+00001, 0.21348101113918E+00000, -.10672535908177E+00002, 0.10802860087945E-00001, 0.24091711045925E-00007
0.10589686925423E+00002, 0.10757492027363E-00001, 0.10747149329158E-00001, 0.68044138493965E-00001, 0.68007608948110E-00001, 0.85848061101264E+00001, 0.10757478222941E-00001, 0.10757492027363E-00001, 0.10757480936084E-00001, -.10331606925606E-00004, 0.53491920089760E+00002, 0.10003203258395E+00001, 0.21298534925195E+00000, -.10672540346215E+00002, 0.10757464418519E-00001, 0.22182557484860E-00007
0.10619106978744E+00002, 0.10711873314379E-00001, 0.10703687964787E-00001, 0.67728102678830E-00001, 0.67692030098078E-00001, 0.85484910081339E+00001, 0.10711859770032E-00001, 0.10711873314379E-00001, 0.10711862333738E-00001, -.81743689502873E-00005, 0.54242335606856E+00002, 0.10003220928004E+00001, 0.21249016083705E+00000, -.10672544768706E+00002, 0.10711846225686E-00001, 0.21961281995700E-00007
0.10648580467316E+00002, 0.10666271059226E-00001, 0.10658030973128E-00001, 0.67412776418970E-00001, 0.67377186053680E-00001, 0.85122088738973E+00001, 0.10666257359259E-00001, 0.10666271059226E-00001, 0.10666259880968E-00001, -.82289078403881E-00005, 0.51681682293542E+00002, 0.10003238544234E+00001, 0.21199493141578E+00000, -.10672549180399E+00002, 0.10666243659291E-00001, 0.22356516428752E-00007
0.10678108581060E+00002, 0.10620725877253E-00001, 0.10608657117707E-00001, 0.67098239343266E-00001, 0.67063162335864E-00001, 0.84760044505394E+00001, 0.10620711474902E-00001, 0.10620725877253E-00001, 0.10620714130497E-00001, -.12057012789229E-00004, 0.49337675505159E+00002, 0.10003256124616E+00001, 0.21149978619889E+00000, -.10672553581418E+00002, 0.10620697072551E-00001, 0.23493512927605E-00007
0.10707643092403E+00002, 0.10575183686488E-00001, 0.10558928383780E-00001, 0.66785077233911E-00001, 0.66750547796531E-00001, 0.84398417857028E+00001, 0.10575167598465E-00001, 0.10575183686488E-00001, 0.10575170747499E-00001, -.16242363718351E-00004, 0.45799400057505E+00002, 0.10003273650618E+00001, 0.21100565116273E+00000, -.10672557964554E+00002, 0.10575151510442E-00001, 0.25877978381031E-00007
0.10737135604467E+00002, 0.10529533150657E-00001, 0.10512770812768E-00001, 0.66473729244106E-00001, 0.66439793787757E-00001, 0.84036310849287E+00001, 0.10529515983924E-00001, 0.10529533150657E-00001, 0.10529519408826E-00001, -.16748596058482E-00004, 0.47995916147289E+00002, 0.10003291085580E+00001, 0.21051322879114E+00000, -.10672562322621E+00002, 0.10529498817190E-00001, 0.27483661506296E-00007
0.10766598647065E+00002, 0.10483500270179E-00001, 0.10468730517335E-00001, 0.66163985236025E-00001, 0.66130672651836E-00001, 0.83671353506476E+00001, 0.10483483659401E-00001, 0.10483500270179E-00001, 0.10483486755585E-00001, -.14756238250229E-00004, 0.52152628700770E+00002, 0.10003308419958E+00001, 0.21002219761417E+00000, -.10672566657408E+00002, 0.10483467048623E-00001, 0.27029188148594E-00007
0.10796049186766E+00002, 0.10436737565246E-00001, 0.10425389569759E-00001, 0.65855686025013E-00001, 0.65822967380402E-00001, 0.83300458168663E+00001, 0.10436722095854E-00001, 0.10436737565246E-00001, 0.10436724618664E-00001, -.11335048904274E-00004, 0.55384683744285E+00002, 0.10003325654021E+00001, 0.20953231417455E+00000, -.10672570971220E+00002, 0.10436706626462E-00001, 0.25893164365372E-00007
0.10825500365509E+00002, 0.10389127955316E-00001, 0.10381054187114E-00001, 0.65548729168918E-00001, 0.65516536586163E-00001, 0.82922494518759E+00001, 0.10389113474444E-00001, 0.10389127955316E-00001, 0.10389115560390E-00001, -.80613732760505E-00005, 0.57327217183527E+00002, 0.10003342800186E+00001, 0.20904342319068E+00000, -.10672575265664E+00002, 0.10389098993571E-00001, 0.24789853898669E-00007
0.10854948651914E+00002, 0.10341009185596E-00001, 0.10331943038802E-00001, 0.65243211495548E-00001, 0.65211504849281E-00001, 0.82540229078818E+00001, 0.10340995072368E-00001, 0.10341009185596E-00001, 0.10340997129404E-00001, -.90540906017825E-00005, 0.58661897886603E+00002, 0.10003359871790E+00001, 0.20855568640142E+00000, -.10672579539933E+00002, 0.10340980959140E-00001, 0.24112383952373E-00007
0.10884394095022E+00002, 0.10292823011840E-00001, 0.10279524917023E-00001, 0.64939216987116E-00001, 0.64908012115006E-00001, 0.82157406240478E+00001, 0.10292808345721E-00001, 0.10292823011840E-00001, 0.10292810823060E-00001, -.13285906036882E-00004, 0.59859319764702E+00002, 0.10003376880446E+00001, 0.20806924646556E+00000, -.10672583793898E+00002, 0.10292793679603E-00001, 0.24377558436003E-00007
0.10913842222262E+00002, 0.10244751841068E-00001, 0.10229804244640E-00001, 0.64636685287923E-00001, 0.64606008221154E-00001, 0.81775593161894E+00001, 0.10244736321010E-00001, 0.10244751841068E-00001, 0.10244739232970E-00001, -.14934988329401E-00004, 0.60809045139984E+00002, 0.10003393823877E+00001, 0.20758401558232E+00000, -.10672588028377E+00002, 0.10244720800953E-00001, 0.25216197062224E-00007
0.10943304772321E+00002, 0.10196660699959E-00001, 0.10183299716444E-00001, 0.64335428956166E-00001, 0.64305265790968E-00001, 0.81393616690093E+00001, 0.10196645055250E-00001, 0.10196660699959E-00001, 0.10196647964630E-00001, -.13348248185464E-00004, 0.61893003965900E+00002, 0.10003410690791E+00001, 0.20709970055695E+00000, -.10672592245102E+00002, 0.10196629410540E-00001, 0.25470659540948E-00007
0.10972792497163E+00002, 0.10148287735096E-00001, 0.10137122742828E-00001, 0.64035314305892E-00001, 0.64005628364884E-00001, 0.81009212900362E+00001, 0.10148272617878E-00001, 0.10148287735096E-00001, 0.10148275261522E-00001, -.11152518694125E-00004, 0.61672261966893E+00002, 0.10003427473539E+00001, 0.20661609215466E+00000, -.10672596445527E+00002, 0.10148257500660E-00001, 0.24947148044550E-00007
0.11000000000000E+00002, 0.10103314704634E-00001, 0.10094767324178E-00001, 0.63759615258983E-00001, 0.63730365037212E-00001, 0.80651608603271E+00001, 0.10103299924079E-00001, 0.10103314704634E-00001, 0.10103302379921E-00001, -.85350557438875E-00005, 0.60753552644496E+00002, 0.10003442871827E+00001, 0.20617082764702E+00000, -.10672600303368E+00002, 0.10103285143524E-00001, 0.24649424911264E-00007
0.11002214421125E+00002, 0.10099656349281E-00001, 0.10091320071794E-00001, 0.63737225624976E-00001, 0.63708011981278E-00001, 0.80622512620053E+00001, 0.10099641581732E-00001, 0.10099656349281E-00001, 0.10099644025996E-00001, -.83239542018438E-00005, 0.60743883471823E+00002, 0.10003444121743E+00001, 0.20613462530585E+00000, -.10672600616604E+00002, 0.10099626814184E-00001, 0.24646570615996E-00007
0.11031752854299E+00002, 0.10050647264134E-00001, 0.10043638370100E-00001, 0.63439289685015E-00001, 0.63410588268279E-00001, 0.80232696521241E+00001, 0.10050632588711E-00001, 0.10050647264134E-00001, 0.10050634927564E-00001, -.69965574636184E-00005, 0.60159664867780E+00002, 0.10003460753447E+00001, 0.20565227883495E+00000, -.10672604784012E+00002, 0.10050617913287E-00001, 0.24673142011309E-00007
0.11061320644445E+00002, 0.10001824515791E-00001, 0.99928328501843E-00002, 0.63142495730593E-00001, 0.63114330279129E-00001, 0.79844413583814E+00001, 0.10001809903532E-00001, 0.10001824515791E-00001, 0.10001812267045E-00001, -.89794168606349E-00005, 0.59126834341519E+00002, 0.10003477338008E+00001, 0.20517065373422E+00000, -.10672608935298E+00002, 0.10001795291273E-00001, 0.24497492420989E-00007
0.11090915485913E+00002, 0.99532488180389E-00002, 0.99430305431312E-00002, 0.62846970068325E-00001, 0.62819303732460E-00001, 0.79458182424706E+00001, 0.99532342849862E-00002, 0.99532488180389E-00002, 0.99532367510458E-00002, -.10206207914593E-00004, 0.59856761700010E+00002, 0.10003493879366E+00001, 0.20468996078350E+00000, -.10672613070178E+00002, 0.99532197519328E-00002, 0.24133986936559E-00007
0.11120530707044E+00002, 0.99047110496197E-00002, 0.98955623406781E-00002, 0.62552742430340E-00001, 0.62525511136338E-00001, 0.79072255167856E+00001, 0.99046968275475E-00002, 0.99047110496197E-00002, 0.99046993440245E-00002, -.91370033463648E-00005, 0.60566197187783E+00002, 0.10003510357693E+00001, 0.20421025509727E+00000, -.10672617187747E+00002, 0.99046826054747E-00002, 0.23411191095454E-00007
0.11150164685142E+00002, 0.98560340419941E-00002, 0.98475093510425E-00002, 0.62259756890737E-00001, 0.62232943892999E-00001, 0.78685133363156E+00001, 0.98560199581406E-00002, 0.98560340419941E-00002, 0.98560225077939E-00002, -.85131567514346E-00005, 0.61432168223777E+00002, 0.10003526748804E+00001, 0.20373145214675E+00000, -.10672621287741E+00002, 0.98560058742883E-00002, 0.23068400017766E-00007
0.11179833539390E+00002, 0.98070923291638E-00002, 0.97989849101333E-00002, 0.61967818281361E-00001, 0.61941469392056E-00001, 0.78295822114632E+00001, 0.98070778029656E-00002, 0.98070923291638E-00002, 0.98070804813471E-00002, -.80955712138279E-00005, 0.58945137930358E+00002, 0.10003543051870E+00001, 0.20325323823802E+00000, -.10672625372295E+00002, 0.98070632767673E-00002, 0.23695633628062E-00007
0.11209544913498E+00002, 0.97579359909929E-00002, 0.97504972804467E-00002, 0.61676862542630E-00001, 0.61651014931660E-00001, 0.77904796742333E+00001, 0.97579215244261E-00002, 0.97579359909929E-00002, 0.97579241449214E-00002, -.74268644747688E-00005, 0.59565516716807E+00002, 0.10003559283851E+00001, 0.20277551223398E+00000, -.10672629442308E+00002, 0.97579070578588E-00002, 0.23692142828946E-00007
0.11239293571045E+00002, 0.97084618324342E-00002, 0.97003456514837E-00002, 0.61387044294345E-00001, 0.61361660783957E-00001, 0.77511239354124E+00001, 0.97084475652041E-00002, 0.97084618324342E-00002, 0.97084500265201E-00002, -.81043750363563E-00005, 0.56778048138803E+00002, 0.10003575467035E+00001, 0.20229853236302E+00000, -.10672633496912E+00002, 0.97084332979740E-00002, 0.23611827728155E-00007
0.11269066071885E+00002, 0.96584640999088E-00002, 0.96501610781477E-00002, 0.61098575298005E-00001, 0.61073575326824E-00001, 0.77113459400975E+00001, 0.96584496982506E-00002, 0.96584640999088E-00002, 0.96584520203910E-00002, -.82909422432837E-00005, 0.57305729470598E+00002, 0.10003591607408E+00001, 0.20182265366406E+00000, -.10672637534062E+00002, 0.96584352965924E-00002, 0.24159035083738E-00007
0.11298868139917E+00002, 0.96078717466528E-00002, 0.96013610837670E-00002, 0.60811320263733E-00001, 0.60786673432420E-00001, 0.76710875371284E+00001, 0.96078571763364E-00002, 0.96078717466528E-00002, 0.96078594045325E-00002, -.64983207654535E-00005, 0.57675497537736E+00002, 0.10003607695006E+00001, 0.20134765997106E+00000, -.10672641554258E+00002, 0.96078426060197E-00002, 0.24684240014928E-00007
0.11328712415216E+00002, 0.95568845367915E-00002, 0.95507660038454E-00002, 0.60525076484135E-00001, 0.60500840415103E-00001, 0.76305124861139E+00001, 0.95568706086964E-00002, 0.95568845367915E-00002, 0.95568725801085E-00002, -.61065762631568E-00005, 0.56462640415874E+00002, 0.10003623710202E+00001, 0.20087322118546E+00000, -.10672645558914E+00002, 0.95568566806009E-00002, 0.23913365978977E-00007
0.11358598246287E+00002, 0.95057113601850E-00002, 0.94985653781763E-00002, 0.60239898434064E-00001, 0.60216154748487E-00001, 0.75897887211218E+00001, 0.95056979804156E-00002, 0.95057113601850E-00002, 0.95056997023123E-00002, -.71343241359694E-00005, 0.54063682271657E+00002, 0.10003639636967E+00001, 0.20039943185892E+00000, -.10672649547752E+00002, 0.95056846006465E-00002, 0.23315744902765E-00007
0.11388505300969E+00002, 0.94546446150448E-00002, 0.94480607717552E-00002, 0.59956039319118E-00001, 0.59932807006494E-00001, 0.75491478986970E+00001, 0.94546317450067E-00002, 0.94546446150448E-00002, 0.94546332690007E-00002, -.65724972455437E-00005, 0.50881789707900E+00002, 0.10003655470820E+00001, 0.19992671877318E+00000, -.10672653517996E+00002, 0.94546188749684E-00002, 0.22692088576206E-00007
0.11418427184104E+00002, 0.94039674674103E-00002, 0.93980713755678E-00002, 0.59673594349928E-00001, 0.59650816546618E-00001, 0.75088121612233E+00001, 0.94039553874595E-00002, 0.94039674674103E-00002, 0.94039566516907E-00002, -.58852761228390E-00005, 0.47404826490831E+00002, 0.10003671231197E+00001, 0.19945524869826E+00000, -.10672657468869E+00002, 0.94039433075085E-00002, 0.21631439274567E-00007
0.11448346300355E+00002, 0.93539614778402E-00002, 0.93478345125902E-00002, 0.59392751831120E-00001, 0.59370356414946E-00001, 0.74690028036417E+00001, 0.93539496255879E-00002, 0.93539614778402E-00002, 0.93539508507338E-00002, -.61163381436554E-00005, 0.43652982037698E+00002, 0.10003686928889E+00001, 0.19898534591123E+00000, -.10672661398264E+00002, 0.93539377733350E-00002, 0.21254213254554E-00007
0.11478265971533E+00002, 0.93048327479388E-00002, 0.92994833026982E-00002, 0.59113412927975E-00001, 0.59091369688753E-00001, 0.74298860053826E+00001, 0.93048206376928E-00002, 0.93048327479388E-00002, 0.93048219965506E-00002, -.53386938523748E-00005, 0.43895884975514E+00002, 0.10003702564619E+00001, 0.19851685558658E+00000, -.10672665306954E+00002, 0.93048085274466E-00002, 0.21502776772448E-00007
0.11500000000000E+00002, 0.92698061774507E-00002, 0.92651011410105E-00002, 0.58911388052978E-00001, 0.58889605946087E-00001, 0.74019961106940E+00001, 0.92697944046505E-00002, 0.92698061774507E-00002, 0.92697957470453E-00002, -.46946060347908E-00005, 0.43434546745942E+00002, 0.10003713872878E+00001, 0.19817734154536E+00000, -.10672668133465E+00002, 0.92697826318496E-00002, 0.20860811385249E-00007
0.11508040848513E+00002, 0.92570329523795E-00002, 0.92523221137828E-00002, 0.58836832924444E-00001, 0.58815150156619E-00001, 0.73918252405363E+00001, 0.92570214284512E-00002, 0.92570329523795E-00002, 0.92570227429074E-00002, -.47006291246755E-00005, 0.43267697508164E+00002, 0.10003718044099E+00001, 0.19805190047804E+00000, -.10672669176489E+00002, 0.92570099045224E-00002, 0.20418944535951E-00007
0.11537948514552E+00002, 0.92100588514259E-00002, 0.92043696660886E-00002, 0.58560424068773E-00001, 0.58539123718451E-00001, 0.73544180970884E+00001, 0.92100477007110E-00002, 0.92100588514259E-00002, 0.92100490715921E-00002, -.56794055034879E-00005, 0.43693464243957E+00002, 0.10003733495219E+00001, 0.19758613998081E+00000, -.10672673043431E+00002, 0.92100365499972E-00002, 0.19559667185451E-00007
0.11567819316871E+00002, 0.91642086753617E-00002, 0.91584488782248E-00002, 0.58285747672591E-00001, 0.58264848510876E-00001, 0.73179043413303E+00001, 0.91641975875831E-00002, 0.91642086753617E-00002, 0.91641991360509E-00002, -.57502578261122E-00005, 0.43194183812507E+00002, 0.10003748829611E+00001, 0.19712220857900E+00000, -.10672676886172E+00002, 0.91641864998039E-00002, 0.19078621968643E-00007
0.11597682611932E+00002, 0.91191749272016E-00002, 0.91143849443749E-00002, 0.58012464205000E-00001, 0.57991979073640E-00001, 0.72820433409029E+00001, 0.91191636984592E-00002, 0.91191749272016E-00002, 0.91191654124144E-00002, -.47804680394318E-00005, 0.43284837999630E+00002, 0.10003764079123E+00001, 0.19665954372129E+00000, -.10672680708971E+00002, 0.91191524697166E-00002, 0.19029574190565E-00007
0.11627529035310E+00002, 0.90748339210079E-00002, 0.90701166244221E-00002, 0.57740671622378E-00001, 0.57720582736381E-00001, 0.72467368600668E+00001, 0.90748231824614E-00002, 0.90748339210079E-00002, 0.90748248502877E-00002, -.47082258656335E-00005, 0.42851048412321E+00002, 0.10003779260379E+00001, 0.19619832079196E+00000, -.10672684510933E+00002, 0.90748124439146E-00002, 0.18141440109890E-00007
0.11657383942726E+00002, 0.90308729606980E-00002, 0.90269308571043E-00002, 0.57470169023097E-00001, 0.57450419026970E-00001, 0.72117259903014E+00001, 0.90308622246912E-00002, 0.90308729606980E-00002, 0.90308639906749E-00002, -.39331335706095E-00005, 0.42758809492863E+00002, 0.10003794394174E+00001, 0.19573820785784E+00000, -.10672688295544E+00002, 0.90308514886838E-00002, 0.17940045701633E-00007
0.11687233009832E+00002, 0.89868980268422E-00002, 0.89838839877001E-00002, 0.57201047755388E-00001, 0.57181587427390E-00001, 0.71766923640766E+00001, 0.89868874492441E-00002, 0.89868980268422E-00002, 0.89868893235248E-00002, -.30053358246377E-00005, 0.42300204863013E+00002, 0.10003809460221E+00001, 0.19527936869246E+00000, -.10672692061055E+00002, 0.89868768716460E-00002, 0.17406633961541E-00007
0.11717090330243E+00002, 0.89426761368272E-00002, 0.89384559430236E-00002, 0.56933152028987E-00001, 0.56914001916335E-00001, 0.71414559895647E+00001, 0.89426660317317E-00002, 0.89426761368272E-00002, 0.89426678109308E-00002, -.42118679071309E-00005, 0.42176020874609E+00002, 0.10003824446168E+00001, 0.19482154574377E+00000, -.10672695809196E+00002, 0.89426559266365E-00002, 0.16651793089589E-00007
0.11746945491966E+00002, 0.88978578189798E-00002, 0.88928401388760E-00002, 0.56666567285234E-00001, 0.56647804867201E-00001, 0.71057468491159E+00001, 0.88978482129753E-00002, 0.88978578189798E-00002, 0.88978498486969E-00002, -.50097098208914E-00005, 0.41696801509459E+00002, 0.10003839338111E+00001, 0.19436489272368E+00000, -.10672699538477E+00002, 0.88978386069711E-00002, 0.15940566721911E-00007
0.11776835753762E+00002, 0.88521999335234E-00002, 0.88485536896239E-00002, 0.56400964244593E-00001, 0.56382636144215E-00001, 0.70693703256041E+00001, 0.88521908326534E-00002, 0.88521999335234E-00002, 0.88521923550501E-00002, -.36386654262041E-00005, 0.40826761862632E+00002, 0.10003854162268E+00001, 0.19390885186017E+00000, -.10672703253223E+00002, 0.88521817317837E-00002, 0.15156947070707E-00007
0.11806755967576E+00002, 0.88053322900805E-00002, 0.88024977842822E-00002, 0.56136494763449E-00001, 0.56118546032297E-00001, 0.70320192234749E+00001, 0.88053232159175E-00002, 0.88053322900805E-00002, 0.88053247416527E-00002, -.28269573704585E-00005, 0.40295343802750E+00002, 0.10003868932474E+00001, 0.19345368914109E+00000, -.10672706952342E+00002, 0.88053141417545E-00002, 0.15096855870672E-00007
0.11836635630732E+00002, 0.87570769941577E-00002, 0.87540076854368E-00002, 0.55873928041910E-00001, 0.55856230443092E-00001, 0.69935443060359E+00001, 0.87570677476250E-00002, 0.87570769941577E-00002, 0.87570693090571E-00002, -.30616236203395E-00005, 0.40069114954900E+00002, 0.10003883622193E+00001, 0.19300073927649E+00000, -.10672710626585E+00002, 0.87570585010925E-00002, 0.15370200843302E-00007
0.11866465036975E+00002, 0.87072332084751E-00002, 0.87042810845618E-00002, 0.55613359986563E-00001, 0.55595819784413E-00001, 0.69537924677808E+00001, 0.87072242547568E-00002, 0.87072332084751E-00002, 0.87072256865612E-00002, -.29446019993701E-00005, 0.39819209411736E+00002, 0.10003898215896E+00001, 0.19255018391156E+00000, -.10672714274210E+00002, 0.87072153010381E-00002, 0.15043828182084E-00007
0.11896265500115E+00002, 0.86558010588153E-00002, 0.86519166969028E-00002, 0.55354540146544E-00001, 0.55337179818064E-00001, 0.69127766293866E+00001, 0.86557924308387E-00002, 0.86558010588153E-00002, 0.86557938103316E-00002, -.38771134288204E-00005, 0.39237831307096E+00002, 0.10003912703106E+00001, 0.19210160531438E+00000, -.10672717897185E+00002, 0.86557838028616E-00002, 0.14496967100814E-00007
0.11926056383595E+00002, 0.86026346938068E-00002, 0.85975328728444E-00002, 0.55097288134672E-00001, 0.55080221131896E-00001, 0.68703846631754E+00001, 0.86026258990471E-00002, 0.86026346938068E-00002, 0.86026273167135E-00002, -.50944438690619E-00005, 0.39274797452545E+00002, 0.10003927080738E+00001, 0.19165470362899E+00000, -.10672721497213E+00002, 0.86026171042873E-00002, 0.14754186736084E-00007
0.11955829076682E+00002, 0.85477383187133E-00002, 0.85438394465009E-00002, 0.54841708343161E-00001, 0.54825031096280E-00001, 0.68266128784654E+00001, 0.85477300306132E-00002, 0.85477383187133E-00002, 0.85477313619742E-00002, -.38919154732451E-00005, 0.39516276560045E+00002, 0.10003941347929E+00001, 0.19120967259906E+00000, -.10672725072537E+00002, 0.85477217425127E-00002, 0.13913478448515E-00007
0.11985605879116E+00002, 0.84911823379963E-00002, 0.84887988967313E-00002, 0.54587709668479E-00001, 0.54571416399475E-00001, 0.67815047977785E+00001, 0.84911745065779E-00002, 0.84911823379963E-00002, 0.84911757539356E-00002, -.23768572043538E-00005, 0.38925937948492E+00002, 0.10003955529023E+00001, 0.19076636612792E+00000, -.10672728625138E+00002, 0.84911666751595E-00002, 0.13168120916055E-00007
0.12000000000000E+00002, 0.84632604746627E-00002, 0.84609520164066E-00002, 0.54465559079668E-00001, 0.54449418541552E-00001, 0.67592289787098E+00001, 0.84632528227442E-00002, 0.84632604746627E-00002, 0.84632540320522E-00002, -.23020156455984E-00005, 0.38475912435455E+00002, 0.10003962356106E+00001, 0.19055280821803E+00000, -.10672730333946E+00002, 0.84632451708260E-00002, 0.12885220775972E-00007
0.12015269553380E+00002, 0.84332440858364E-00002, 0.84307776988579E-00002, 0.54336454575932E-00001, 0.54320444132546E-00001, 0.67352785931567E+00001, 0.84332364842589E-00002, 0.84332440858364E-00002, 0.84332376712317E-00002, -.24599723738397E-00005, 0.37892767399408E+00002, 0.10003969578558E+00001, 0.19032683218774E+00000, -.10672732140499E+00002, 0.84332288826809E-00002, 0.12829209631138E-00007
0.12045038800397E+00002, 0.83734034546725E-00002, 0.83709012646222E-00002, 0.54086172728613E-00001, 0.54070335536704E-00001, 0.66875245758738E+00001, 0.83733955024043E-00002, 0.83734034546725E-00002, 0.83733966894537E-00002, -.24954248315296E-00005, 0.37905335269917E+00002, 0.10003983593916E+00001, 0.18988798931407E+00000, -.10672735643881E+00002, 0.83733875501364E-00002, 0.13530437669826E-00007
0.12074784462327E+00002, 0.83119918413844E-00002, 0.83090201497086E-00002, 0.53837925001240E-00001, 0.53822230034932E-00001, 0.66385163336393E+00001, 0.83119839232825E-00002, 0.83119918413844E-00002, 0.83119849837503E-00002, -.29648340417853E-00005, 0.37099030118950E+00002, 0.10003997494523E+00001, 0.18945170888864E+00000, -.10672739119296E+00002, 0.83119760051800E-00002, 0.13715268461695E-00007
0.12104531347754E+00002, 0.82490833685523E-00002, 0.82446121321837E-00002, 0.53591478437299E-00001, 0.53575996200184E-00001, 0.65883167299299E+00001, 0.82490755238253E-00002, 0.82490833685523E-00002, 0.82490765163272E-00002, -.44643841435665E-00005, 0.36896524780369E+00002, 0.10004011275109E+00001, 0.18901759783558E+00000, -.10672742569006E+00002, 0.82490676790980E-00002, 0.13704449961362E-00007
0.12134299902452E+00002, 0.81846470166314E-00002, 0.81802388954558E-00002, 0.53346676833383E-00001, 0.53331506651771E-00001, 0.65368994064064E+00001, 0.81846391970451E-00002, 0.81846470166314E-00002, 0.81846401583174E-00002, -.44012628615939E-00005, 0.36323346034302E+00002, 0.10004024942696E+00001, 0.18858539503964E+00000, -.10672745994724E+00002, 0.81846313774586E-00002, 0.13716627787997E-00007
0.12164095251282E+00002, 0.81186081684363E-00002, 0.81157294996374E-00002, 0.53103545137176E-00001, 0.53088710182351E-00001, 0.64841991410455E+00001, 0.81186002615823E-00002, 0.81186081684363E-00002, 0.81186012957885E-00002, -.28717961510438E-00005, 0.35809908622972E+00002, 0.10004038512072E+00001, 0.18815515784794E+00000, -.10672749396350E+00002, 0.81185923547277E-00002, 0.13745295851945E-00007
0.12193934663588E+00002, 0.80508482007914E-00002, 0.80480964374785E-00002, 0.52862103382496E-00001, 0.52847521645666E-00001, 0.64301169762366E+00001, 0.80508397927914E-00002, 0.80508482007914E-00002, 0.80508409932753E-00002, -.27445557968648E-00005, 0.34936655808147E+00002, 0.10004052005888E+00001, 0.18772693534759E+00000, -.10672752775111E+00002, 0.80508313847910E-00002, 0.14415032810514E-00007
0.12223821113956E+00002, 0.79812926544844E-00002, 0.79781918793991E-00002, 0.52622445889097E-00001, 0.52608012216461E-00001, 0.63745968484581E+00001, 0.79812830285861E-00002, 0.79812926544844E-00002, 0.79812845054276E-00002, -.30926260284911E-00005, 0.34559747998610E+00002, 0.10004065424540E+00001, 0.18730090921491E+00000, -.10672756130544E+00002, 0.79812734026877E-00002, 0.16298113641858E-00007
0.12253730860425E+00002, 0.79100139112055E-00002, 0.79070564588373E-00002, 0.52384727527348E-00001, 0.52370421629685E-00001, 0.63177081659767E+00001, 0.79100038601010E-00002, 0.79100139112055E-00002, 0.79100054164988E-00002, -.29489576614836E-00005, 0.34012966636639E+00002, 0.10004078737436E+00001, 0.18687737071379E+00000, -.10672759459161E+00002, 0.79099938089966E-00002, 0.16989413290839E-00007
0.12283624745729E+00002, 0.78371154046632E-00002, 0.78333178327150E-00002, 0.52149213549141E-00001, 0.52135119169262E-00001, 0.62595391107942E+00001, 0.78371049875221E-00002, 0.78371154046632E-00002, 0.78371065328942E-00002, -.37887001791807E-00005, 0.33777555884471E+00002, 0.10004091906462E+00001, 0.18645681099411E+00000, -.10672762755900E+00002, 0.78370945703818E-00002, 0.17743537946113E-00007
0.12313508416574E+00002, 0.77627509540084E-00002, 0.77583866082616E-00002, 0.51915902659963E-00001, 0.51902124665752E-00001, 0.62002119476060E+00001, 0.77627400342066E-00002, 0.77627509540084E-00002, 0.77627416405233E-00002, -.43550322616830E-00005, 0.33338299046122E+00002, 0.10004104929283E+00001, 0.18603924793792E+00000, -.10672766020750E+00002, 0.77627291144048E-00002, 0.18626969778481E-00007
0.12343385270017E+00002, 0.76873213148080E-00002, 0.76838915470766E-00002, 0.51684845968101E-00001, 0.51671414992778E-00001, 0.61400412098165E+00001, 0.76873103556042E-00002, 0.76873213148080E-00002, 0.76873119521578E-00002, -.34204050812383E-00005, 0.32874533498075E+00002, 0.10004117818798E+00001, 0.18562479354530E+00000, -.10672769253538E+00002, 0.76872993964000E-00002, 0.18725300578812E-00007
0.12373269303146E+00002, 0.76111485408576E-00002, 0.76079529665757E-00002, 0.51456037061254E-00001, 0.51442893781266E-00001, 0.60792765057107E+00001, 0.76111380797722E-00002, 0.76111485408576E-00002, 0.76111395110969E-00002, -.31865445211606E-00005, 0.33119773974587E+00002, 0.10004130596841E+00001, 0.18521345714473E+00000, -.10672772455388E+00002, 0.76111276186864E-00002, 0.18059521172533E-00007
0.12403168602200E+00002, 0.75347207145657E-00002, 0.75308212725960E-00002, 0.51229487719061E-00001, 0.51216551305410E-00001, 0.60183026072199E+00001, 0.75347102779918E-00002, 0.75347207145657E-00002, 0.75347116592359E-00002, -.38903866399529E-00005, 0.33228244870789E+00002, 0.10004143271659E+00001, 0.18480528080308E+00000, -.10672775626932E+00002, 0.75346998414182E-00002, 0.18110659548379E-00007
0.12433087475873E+00002, 0.74585146137404E-00002, 0.74548856434239E-00002, 0.51005114358039E-00001, 0.50992352863811E-00001, 0.59575037481498E+00001, 0.74585038202640E-00002, 0.74585146137404E-00002, 0.74585052682736E-00002, -.36196248497385E-00005, 0.33626691287759E+00002, 0.10004155833286E+00001, 0.18440013441434E+00000, -.10672778768601E+00002, 0.74584930267871E-00002, 0.18690933570638E-00007
0.12463038685335E+00002, 0.73830347595667E-00002, 0.73791882001823E-00002, 0.50782740904272E-00001, 0.50770177944372E-00001, 0.58972917460051E+00001, 0.73830243921820E-00002, 0.73830347595667E-00002, 0.73830256900282E-00002, -.38374898458884E-00005, 0.33791731072753E+00002, 0.10004168270877E+00001, 0.18399771901534E+00000, -.10672781881867E+00002, 0.73830140247973E-00002, 0.18139077051338E-00007
0.12493036258424E+00002, 0.73086700616552E-00002, 0.73037358434533E-00002, 0.50562257048317E-00001, 0.50549934057687E-00001, 0.58379804705037E+00001, 0.73086602767635E-00002, 0.73086700616552E-00002, 0.73086614716305E-00002, -.49256281771638E-00005, 0.33906069803161E+00002, 0.10004180585315E+00001, 0.18359785229012E+00000, -.10672784968482E+00002, 0.73086504918717E-00002, 0.17180049626123E-00007
0.12500000000000E+00002, 0.72915790661560E-00002, 0.72866197130411E-00002, 0.50511389699759E-00001, 0.50499127242630E-00001, 0.58243504652130E+00001, 0.72915693600814E-00002, 0.72915790661560E-00002, 0.72915705505778E-00002, -.49508375367524E-00005, 0.33917199863651E+00002, 0.10004183424352E+00001, 0.18350547621213E+00000, -.10672785680572E+00002, 0.72915596540064E-00002, 0.17031156741300E-00007
0.12522904222746E+00002, 0.72359813220619E-00002, 0.72317912451189E-00002, 0.50344903605292E-00001, 0.50332847622699E-00001, 0.57800136553393E+00001, 0.72359720087915E-00002, 0.72359813220619E-00002, 0.72359731164603E-00002, -.41818713414583E-00005, 0.34047548979303E+00002, 0.10004192713037E+00001, 0.18320280857616E+00000, -.10672788011014E+00002, 0.72359626955212E-00002, 0.16411203026680E-00007
0.12552962962505E+00002, 0.71642914759512E-00002, 0.71609535293334E-00002, 0.50128295977368E-00001, 0.50116513173755E-00001, 0.57228440535476E+00001, 0.71642831521393E-00002, 0.71642914759512E-00002, 0.71642840310580E-00002, -.33305017245431E-00005, 0.33738711709096E+00002, 0.10004204797914E+00001, 0.18280827110640E+00000, -.10672791042590E+00002, 0.71642748283274E-00002, 0.14889786600539E-00007
0.12583065760421E+00002, 0.70939519040273E-00002, 0.70898857216448E-00002, 0.49913534422844E-00001, 0.49902002444069E-00001, 0.56667452059608E+00001, 0.70939442343984E-00002, 0.70939519040273E-00002, 0.70939450703284E-00002, -.40593486835877E-00005, 0.33957484108609E+00002, 0.10004216792943E+00001, 0.18241625370353E+00000, -.10672794048671E+00002, 0.70939365647695E-00002, 0.13667397600259E-00007
0.12613221344287E+00002, 0.70248973061871E-00002, 0.70208310629546E-00002, 0.49700553928970E-00001, 0.49689234670841E-00001, 0.56116696059709E+00001, 0.70248903127290E-00002, 0.70248973061871E-00002, 0.70248910851412E-00002, -.40600221866296E-00005, 0.33855042632020E+00002, 0.10004228704324E+00001, 0.18202665359588E+00000, -.10672797030589E+00002, 0.70248833192711E-00002, 0.12442092002349E-00007
0.12643432219388E+00002, 0.69570783632550E-00002, 0.69530675698884E-00002, 0.49489261227655E-00001, 0.49478138806718E-00001, 0.55575866035495E+00001, 0.69570722626388E-00002, 0.69570783632550E-00002, 0.69570728724411E-00002, -.40053025527367E-00005, 0.33571328550163E+00002, 0.10004240523910E+00001, 0.18163931517829E+00000, -.10672799989020E+00002, 0.69570661620233E-00002, 0.10981627461828E-00007
0.12673669350686E+00002, 0.68905678241149E-00002, 0.68856985851834E-00002, 0.49279794208606E-00001, 0.49268907226875E-00001, 0.55045546556004E+00001, 0.68905621291755E-00002, 0.68905678241149E-00002, 0.68905627441420E-00002, -.48641589585661E-00005, 0.33637716841730E+00002, 0.10004252228720E+00001, 0.18125450653452E+00000, -.10672802921588E+00002, 0.68905564342361E-00002, 0.10159945314943E-00007
0.12703892366520E+00002, 0.68255068383606E-00002, 0.68214321453361E-00002, 0.49072352859805E-00001, 0.49061769428934E-00001, 0.54526794928149E+00001, 0.68255014288625E-00002, 0.68255068383606E-00002, 0.68255020771845E-00002, -.40699318483850E-00005, 0.33143059785993E+00002, 0.10004263799652E+00001, 0.18087261237273E+00000, -.10672805824951E+00002, 0.68254960193643E-00002, 0.95223519649262E-00008
0.12734096790611E+00002, 0.67619831398617E-00002, 0.67594301309660E-00002, 0.48866917156250E-00001, 0.48856657089594E-00001, 0.54020249265480E+00001, 0.67619781849189E-00002, 0.67619831398617E-00002, 0.67619787530093E-00002, -.25486220432733E-00005, 0.32979721244012E+00002, 0.10004275246164E+00001, 0.18049361421068E+00000, -.10672808699347E+00002, 0.67619732299763E-00002, 0.87737047345864E-00008
0.12764284384467E+00002, 0.67000986725196E-00002, 0.66965775944358E-00002, 0.48663555775304E-00001, 0.48653542331355E-00001, 0.53526727691394E+00001, 0.67000940671658E-00002, 0.67000986725196E-00002, 0.67000945896968E-00002, -.35169952609667E-00005, 0.32695669000778E+00002, 0.10004286590117E+00001, 0.18011765742667E+00000, -.10672811545652E+00002, 0.67000894618120E-00002, 0.81656451649846E-00008
0.12794472146540E+00002, 0.66399768841006E-00002, 0.66353803122246E-00002, 0.48462195249415E-00001, 0.48452310181560E-00001, 0.53047254929844E+00001, 0.66399723238519E-00002, 0.66399768841006E-00002, 0.66399729067393E-00002, -.45925945146268E-00005, 0.32339543074047E+00002, 0.10004297850083E+00001, 0.17974462486060E+00000, -.10672814366201E+00002, 0.66399677636037E-00002, 0.79547223653612E-00008
0.12824679730496E+00002, 0.65816590709891E-00002, 0.65775005806883E-00002, 0.48262537141512E-00001, 0.48252740824001E-00001, 0.52582183923602E+00001, 0.65816546411156E-00002, 0.65816590709891E-00002, 0.65816552100890E-00002, -.41546294007100E-00005, 0.31748771350646E+00002, 0.10004309024778E+00001, 0.17937398016716E+00000, -.10672817163574E+00002, 0.65816502112420E-00002, 0.77218002640596E-00008
0.12854909685172E+00002, 0.65252275103406E-00002, 0.65209877629729E-00002, 0.48064369682926E-00001, 0.48054750740375E-00001, 0.52132173649061E+00001, 0.65252233154854E-00002, 0.65252275103406E-00002, 0.65252238182424E-00002, -.42360552695183E-00005, 0.31276390481012E+00002, 0.10004320099068E+00001, 0.17900534383630E+00000, -.10672819938751E+00002, 0.65252191206302E-00002, 0.73841965878157E-00008
0.12885172802722E+00002, 0.64707222678389E-00002, 0.64671649416336E-00002, 0.47867532059053E-00001, 0.47858219642283E-00001, 0.51697550693483E+00001, 0.64707179889736E-00002, 0.64707222678389E-00002, 0.64707185494704E-00002, -.35536078367761E-00005, 0.30780638087997E+00002, 0.10004331073457E+00001, 0.17863842822688E+00000, -.10672822693485E+00002, 0.64707137101085E-00002, 0.74367367856352E-00008
0.12915476798599E+00002, 0.64180506534990E-00002, 0.64158741785861E-00002, 0.47671977198379E-00001, 0.47663008709258E-00001, 0.51277592552363E+00001, 0.64180465589653E-00002, 0.64180506534990E-00002, 0.64180470714405E-00002, -.21728928543819E-00005, 0.29970195922921E+00002, 0.10004341964609E+00001, 0.17827315594966E+00000, -.10672825429224E+00002, 0.64180424644318E-00002, 0.71641166172915E-00008
0.12945813615078E+00002, 0.63671938530053E-00002, 0.63642169745910E-00002, 0.47477859548813E-00001, 0.47469145288022E-00001, 0.50872117315818E+00001, 0.63671902028515E-00002, 0.63671938530053E-00002, 0.63671905890806E-00002, -.29736144895948E-00005, 0.29564976052922E+00002, 0.10004352789540E+00001, 0.17790982650173E+00000, -.10672828145955E+00002, 0.63671865526973E-00002, 0.65278496060210E-00008
0.12976161361428E+00002, 0.63181014422378E-00002, 0.63141706740991E-00002, 0.47285352421560E-00001, 0.47276766108835E-00001, 0.50480649854333E+00001, 0.63180977314206E-00002, 0.63181014422378E-00002, 0.63180981282560E-00002, -.39274541569701E-00005, 0.28685025734753E+00002, 0.10004363549501E+00001, 0.17754877718824E+00000, -.10672830842453E+00002, 0.63180940206035E-00002, 0.66279633516325E-00008
0.13000000000000E+00002, 0.62806903512058E-00002, 0.62776298825041E-00002, 0.47135202727392E-00001, 0.47126677467787E-00001, 0.50182272247223E+00001, 0.62806865621776E-00002, 0.62806903512058E-00002, 0.62806869751906E-00002, -.30570926865498E-00005, 0.28620154146909E+00002, 0.10004371949183E+00001, 0.17726665925923E+00000, -.10672832946196E+00002, 0.62806827731492E-00002, 0.67520306694525E-00008
0.13006451546337E+00002, 0.62707554729674E-00002, 0.62680065891806E-00002, 0.47094712500571E-00001, 0.47086206236240E-00001, 0.50103029220630E+00001, 0.62707517209955E-00002, 0.62707554729674E-00002, 0.62707521257661E-00002, -.27455365854934E-00005, 0.28551635311028E+00002, 0.10004374213644E+00001, 0.17719050482568E+00000, -.10672833513411E+00002, 0.62707479690235E-00002, 0.66944026133954E-00008
0.13036805334726E+00002, 0.62249360583454E-00002, 0.62226377148709E-00002, 0.46904992383365E-00001, 0.46896627822851E-00001, 0.49737552330870E+00001, 0.62249325873750E-00002, 0.62249360583454E-00002, 0.62249329505639E-00002, -.22952356930119E-00005, 0.27962722744222E+00002, 0.10004384814336E+00001, 0.17683324043359E+00000, -.10672836170197E+00002, 0.62249291164045E-00002, 0.62155627274591E-00008
0.13067117686366E+00002, 0.61806805769577E-00002, 0.61779765371819E-00002, 0.46716800421075E-00001, 0.46708679299848E-00001, 0.49384567096852E+00001, 0.61806769612221E-00002, 0.61806805769577E-00002, 0.61806774071796E-00002, -.27008699976813E-00005, 0.27866236342762E+00002, 0.10004395312535E+00001, 0.17647813919591E+00000, -.10672838804263E+00002, 0.61806733454864E-00002, 0.63395563130513E-00008
0.13097408302603E+00002, 0.61377767748689E-00002, 0.61355581992707E-00002, 0.46530017929404E-00001, 0.46522182423144E-00001, 0.49042380503672E+00001, 0.61377730113905E-00002, 0.61377767748689E-00002, 0.61377734964512E-00002, -.22152971805119E-00005, 0.28815398144437E+00002, 0.10004405721723E+00001, 0.17612498957540E+00000, -.10672841417989E+00002, 0.61377692479124E-00002, 0.65568350522580E-00008
0.13127696440305E+00002, 0.60960672673069E-00002, 0.60932378503614E-00002, 0.46344590088439E-00001, 0.46336978411084E-00001, 0.48709672772598E+00001, 0.60960636154017E-00002, 0.60960672673069E-00002, 0.60960640387284E-00002, -.28261883670332E-00005, 0.29705316466822E+00002, 0.10004416060847E+00001, 0.17577369937591E+00000, -.10672844013589E+00002, 0.60960599634964E-00002, 0.64571569213543E-00008
0.13157992663349E+00002, 0.60554199818245E-00002, 0.60519478665995E-00002, 0.46160506916165E-00001, 0.46153000380600E-00001, 0.48385337833641E+00001, 0.60554161006151E-00002, 0.60554199818245E-00002, 0.60554165997084E-00002, -.34687331089069E-00005, 0.30647525143071E+00002, 0.10004426343910E+00001, 0.17542426080062E+00000, -.10672846592438E+00002, 0.60554122194054E-00002, 0.67642319756164E-00008
0.13188308422236E+00002, 0.60157175285405E-00002, 0.60138763715559E-00002, 0.45977581304771E-00001, 0.45970105628984E-00001, 0.48068475219357E+00001, 0.60157132857139E-00002, 0.60157175285405E-00002, 0.60157139231483E-00002, -.18375515924003E-00005, 0.31837039304760E+00002, 0.10004436574193E+00001, 0.17507632869651E+00000, -.10672849155912E+00002, 0.60157090428873E-00002, 0.72107843778622E-00008
0.13218607908272E+00002, 0.59769557443294E-00002, 0.59761883883505E-00002, 0.45795853213431E-00001, 0.45788447352807E-00001, 0.47759120524317E+00001, 0.59769512560973E-00002, 0.59769557443294E-00002, 0.59769519538984E-00002, -.76356554791752E-00006, 0.33136155429628E+00002, 0.10004446731043E+00001, 0.17472998829324E+00000, -.10672851701380E+00002, 0.59769467678652E-00002, 0.75808618631185E-00008
0.13248852496291E+00002, 0.59392532095047E-00002, 0.59378262862334E-00002, 0.45615486270903E-00001, 0.45608271958865E-00001, 0.47458242497703E+00001, 0.59392484173963E-00002, 0.59392532095047E-00002, 0.59392491642881E-00002, -.14228780546763E-00005, 0.34470379687004E+00002, 0.10004456795530E+00001, 0.17438556184674E+00000, -.10672854226068E+00002, 0.59392436252881E-00002, 0.80904330064925E-00008
0.13279048867156E+00002, 0.59027734066884E-00002, 0.59010069218244E-00002, 0.45436452460422E-00001, 0.45429522222228E-00001, 0.47167126885206E+00001, 0.59027686006829E-00002, 0.59027734066884E-00002, 0.59027693391320E-00002, -.17624173075974E-00005, 0.35976486392539E+00002, 0.10004466772702E+00001, 0.17404300706132E+00000, -.10672856731060E+00002, 0.59027637946773E-00002, 0.81351125281597E-00008
0.13309207478238E+00002, 0.58676378131417E-00002, 0.58652644362336E-00002, 0.45258759761065E-00001, 0.45252086420113E-00001, 0.46886709801172E+00001, 0.58676334252991E-00002, 0.58676378131417E-00002, 0.58676340588550E-00002, -.23696226213665E-00005, 0.36744849544146E+00002, 0.10004476677604E+00001, 0.17370235032197E+00000, -.10672859217802E+00002, 0.58676290374565E-00002, 0.75085735902559E-00008
0.13339338091600E+00002, 0.58338702527647E-00002, 0.58305347677499E-00002, 0.45082421457933E-00001, 0.45075882835770E-00001, 0.46617162361881E+00001, 0.58338660964482E-00002, 0.58338702527647E-00002, 0.58338666946370E-00002, -.33319268871750E-00005, 0.38306894475569E+00002, 0.10004486525211E+00001, 0.17336362836138E+00000, -.10672861687702E+00002, 0.58338619401317E-00002, 0.71162553955928E-00008
0.13369439482838E+00002, 0.58014624254844E-00002, 0.57992742150325E-00002, 0.44907351927337E-00001, 0.44900847023405E-00001, 0.46358436878856E+00001, 0.58014583073485E-00002, 0.58014624254844E-00002, 0.58014589254350E-00002, -.21847104024551E-00005, 0.38961845241406E+00002, 0.10004496315926E+00001, 0.17302668758959E+00000, -.10672864141266E+00002, 0.58014541892125E-00002, 0.70000990915569E-00008
0.13399504205292E+00002, 0.57703853680674E-00002, 0.57698326319175E-00002, 0.44733393129740E-00001, 0.44726927149890E-00001, 0.46110332022677E+00001, 0.57703815866204E-00002, 0.57703853680674E-00002, 0.57703821218527E-00002, -.54948993515890E-00006, 0.39281144433138E+00002, 0.10004506039567E+00001, 0.17269123338054E+00000, -.10672866578486E+00002, 0.57703778051732E-00002, 0.64924292648353E-00008
0.13429540200785E+00002, 0.57405345226851E-00002, 0.57396354481552E-00002, 0.44560413678494E-00001, 0.44554069434408E-00001, 0.45872020193537E+00001, 0.57405309975947E-00002, 0.57405345226851E-00002, 0.57405314758031E-00002, -.89602764795561E-00006, 0.39733547250059E+00002, 0.10004515694899E+00001, 0.17235702031635E+00000, -.10672869000574E+00002, 0.57405274725043E-00002, 0.60937639103878E-00008
0.13459584215301E+00002, 0.57117150767208E-00002, 0.57102941386911E-00002, 0.44388221470925E-00001, 0.44382065155535E-00001, 0.45641961981540E+00001, 0.57117115595423E-00002, 0.57117150767208E-00002, 0.57117120577052E-00002, -.14179190141603E-00005, 0.39121386337685E+00002, 0.10004525297669E+00001, 0.17202368339064E+00000, -.10672871410980E+00002, 0.57117080423636E-00002, 0.60380308532252E-00008
0.13489652436309E+00002, 0.56837338614418E-00002, 0.56817353228815E-00002, 0.44216761807824E-00001, 0.44210788532406E-00001, 0.45418652320456E+00001, 0.56837305435670E-00002, 0.56837338614418E-00002, 0.56837309931165E-00002, -.19956702350386E-00005, 0.39308466667970E+00002, 0.10004534860317E+00001, 0.17169112150958E+00000, -.10672873811384E+00002, 0.56837272256924E-00002, 0.57366501309981E-00008
0.13500000000000E+00002, 0.56742657095385E-00002, 0.56718312358155E-00002, 0.44157966616032E-00001, 0.44152045165525E-00001, 0.45343106511703E+00001, 0.56742624813504E-00002, 0.56742657095385E-00002, 0.56742629063671E-00002, -.24316705515556E-00005, 0.39405589384568E+00002, 0.10004538141353E+00001, 0.17157693437839E+00000, -.10672874634748E+00002, 0.56742592531623E-00002, 0.56063427750853E-00008
0.13519535555422E+00002, 0.56566106464341E-00002, 0.56533692183262E-00002, 0.44047260963784E-00001, 0.44041419423422E-00001, 0.45202256812216E+00001, 0.56566075082328E-00002, 0.56566106464341E-00002, 0.56566079094565E-00002, -.32386911303306E-00005, 0.39773208654676E+00002, 0.10004544322846E+00001, 0.17136172455517E+00000, -.10672876185494E+00002, 0.56566043700315E-00002, 0.54739554461269E-00008
0.13549582568053E+00002, 0.56298573154209E-00002, 0.56268494017462E-00002, 0.43877700270694E-00001, 0.43871950827927E-00001, 0.44988846590819E+00001, 0.56298541640747E-00002, 0.56298573154209E-00002, 0.56298545629536E-00002, -.30051612073895E-00005, 0.39669028241205E+00002, 0.10004553796982E+00001, 0.17103157655960E+00000, -.10672878561302E+00002, 0.56298510127286E-00002, 0.55049350401794E-00008
0.13579627089515E+00002, 0.56034607214530E-00002, 0.56018949108949E-00002, 0.43708923399669E-00001, 0.43703262889071E-00001, 0.44778277575764E+00001, 0.56034577385703E-00002, 0.56034607214530E-00002, 0.56034580614873E-00002, -.15631505923589E-00005, 0.38705738334679E+00002, 0.10004563227049E+00001, 0.17070232062408E+00000, -.10672880925743E+00002, 0.56034547556875E-00002, 0.53199313781663E-00008
0.13609666376989E+00002, 0.55772817294269E-00002, 0.55761211712512E-00002, 0.43540911230855E-00001, 0.43535363656043E-00001, 0.44569431859319E+00001, 0.55772789311302E-00002, 0.55772817294269E-00002, 0.55772791675549E-00002, -.11579963036856E-00005, 0.37529013744298E+00002, 0.10004572610014E+00001, 0.17037392451283E+00000, -.10672883278728E+00002, 0.55772761328333E-00002, 0.51237441874740E-00008
0.13639722619986E+00002, 0.55511880832135E-00002, 0.55503396744162E-00002, 0.43373554570662E-00001, 0.43368148845216E-00001, 0.44361290906746E+00001, 0.55511851850936E-00002, 0.55511880832135E-00002, 0.55511854246098E-00002, -.84575019363487E-00006, 0.37222120317098E+00002, 0.10004581951684E+00001, 0.17004617916057E+00000, -.10672885622053E+00002, 0.55511822869739E-00002, 0.53172070179987E-00008
0.13669780258140E+00002, 0.55251106910806E-00002, 0.55247583900165E-00002, 0.43206945126628E-00001, 0.43201693383892E-00001, 0.44153336196395E+00001, 0.55251077886288E-00002, 0.55251106910806E-00002, 0.55251080006904E-00002, -.34961067389943E-00006, 0.37222311853826E+00002, 0.10004591246153E+00001, 0.16971926845358E+00000, -.10672887954519E+00002, 0.55251048861765E-00002, 0.53807804296123E-00008
0.13699838900028E+00002, 0.54989855932647E-00002, 0.54972823513524E-00002, 0.43041149833747E-00001, 0.43036026906903E-00001, 0.43945018944869E+00001, 0.54989828228496E-00002, 0.54989855932647E-00002, 0.54989829694558E-00002, -.17006181033684E-00005, 0.36987468508601E+00002, 0.10004600495630E+00001, 0.16939332893938E+00000, -.10672890276086E+00002, 0.54989800524343E-00002, 0.52476181195892E-00008
0.13729900661319E+00002, 0.54727482339174E-00002, 0.54692190362910E-00002, 0.42876239182953E-00001, 0.42871186243656E-00001, 0.43735750231617E+00001, 0.54727454300326E-00002, 0.54727482339174E-00002, 0.54727455742172E-00002, -.35265379261710E-00005, 0.36547247804157E+00002, 0.10004609706272E+00001, 0.16906850521402E+00000, -.10672892586878E+00002, 0.54727426261480E-00002, 0.53194004829783E-00008
0.13759947035684E+00002, 0.54463441325452E-00002, 0.54429030889505E-00002, 0.42712274890446E-00001, 0.42707248404013E-00001, 0.43525085717304E+00001, 0.54463413740116E-00002, 0.54463441325452E-00002, 0.54463414955298E-00002, -.34384065793062E-00005, 0.36106078779534E+00002, 0.10004618874317E+00001, 0.16874492563323E+00000, -.10672894885421E+00002, 0.54463386154779E-00002, 0.52740308450833E-00008
0.13790008004546E+00002, 0.54196752905615E-00002, 0.54174371604572E-00002, 0.42548980886901E-00001, 0.42544005410794E-00001, 0.43312304378098E+00001, 0.54196726673392E-00002, 0.54196752905615E-00002, 0.54196727460144E-00002, -.22355855572299E-00005, 0.35727890532979E+00002, 0.10004628003571E+00001, 0.16842205098482E+00000, -.10672897173919E+00002, 0.54196700441169E-00002, 0.50890940781507E-00008
0.13820090409872E+00002, 0.53926775063290E-00002, 0.53921667309564E-00002, 0.42386256678316E-00001, 0.42381409295777E-00001, 0.43096945962186E+00001, 0.53926747847809E-00002, 0.53926775063290E-00002, 0.53926749179591E-00002, -.50818700266650E-00006, 0.35257812122312E+00002, 0.10004637088259E+00001, 0.16809968605625E+00000, -.10672899452755E+00002, 0.53926720632329E-00002, 0.51767398116056E-00008
0.13850200109118E+00002, 0.53653001509509E-00002, 0.53663469988593E-00002, 0.42224105589527E-00001, 0.42219429891543E-00001, 0.42878594270561E+00001, 0.53652973494462E-00002, 0.53653001509509E-00002, 0.53652975482938E-00002, 0.10494505655483E-00005, 0.34565150237182E+00002, 0.10004646128196E+00001, 0.16777784039125E+00000, -.10672901722200E+00002, 0.53652945479416E-00002, 0.52053141549717E-00008
0.13880337699416E+00002, 0.53375019988921E-00002, 0.53375850988314E-00002, 0.42062673345442E-00001, 0.42058118865614E-00001, 0.42656862466535E+00001, 0.53374993448761E-00002, 0.53375019988921E-00002, 0.53374995325459E-00002, 0.85566285532003E-00007, 0.33991230547672E+00002, 0.10004655130556E+00001, 0.16745680705870E+00000, -.10672903982110E+00002, 0.53374966908603E-00002, 0.49326924260650E-00008
0.13910493785462E+00002, 0.53092571335638E-00002, 0.53067456494822E-00002, 0.41902147025767E-00001, 0.41897616315650E-00001, 0.42431505210146E+00001, 0.53092545197559E-00002, 0.53092571335638E-00002, 0.53092547160419E-00002, -.25090665597465E-00005, 0.33697384682398E+00002, 0.10004664099774E+00001, 0.16713696384656E+00000, -.10672906231579E+00002, 0.53092519059481E-00002, 0.48350436612311E-00008
0.13940674224038E+00002, 0.52805370882544E-00002, 0.52773127647122E-00002, 0.41742438334146E-00001, 0.41737899677438E-00001, 0.42202307589881E+00001, 0.52805343996808E-00002, 0.52805370882544E-00002, 0.52805346284349E-00002, -.32218637227543E-00005, 0.33464413160654E+00002, 0.10004673034143E+00001, 0.16681814116805E+00000, -.10672908470836E+00002, 0.52805317111071E-00002, 0.49196388312143E-00008
0.13970885020946E+00002, 0.52513287456903E-00002, 0.52491717319967E-00002, 0.41583354494801E-00001, 0.41578886692313E-00001, 0.41969188617938E+00001, 0.52513260675543E-00002, 0.52513287456903E-00002, 0.52513262913456E-00002, -.21545593488391E-00005, 0.33282974106853E+00002, 0.10004681924724E+00001, 0.16649995894855E+00000, -.10672910700105E+00002, 0.52513233894184E-00002, 0.49086893243817E-00008
0.14000000000000E+00002, 0.52227541133468E-00002, 0.52217405190817E-00002, 0.41430751066223E-00001, 0.41426448718062E-00001, 0.41741104673770E+00001, 0.52227513106001E-00002, 0.52227541133468E-00002, 0.52227515662450E-00002, -.10110471633137E-00005, 0.33468899051467E+00002, 0.10004690438404E+00001, 0.16619416569427E+00000, -.10672912836750E+00002, 0.52227485078535E-00002, 0.50942036258579E-00008
0.14000944524849E+00002, 0.52218287774922E-00002, 0.52208539665243E-00002, 0.41425813071094E-00001, 0.41421516846417E-00001, 0.41733718226999E+00001, 0.52218259670622E-00002, 0.52218287774922E-00002, 0.52218262247191E-00002, -.97225819484323E-00006, 0.33453792758803E+00002, 0.10004690713742E+00001, 0.16618426133080E+00000, -.10672912905870E+00002, 0.52218231566320E-00002, 0.51055462850354E-00008
0.14031173256619E+00002, 0.51917569039627E-00002, 0.51921135867560E-00002, 0.41268246980384E-00001, 0.41264123139548E-00001, 0.41493657997072E+00001, 0.51917538504082E-00002, 0.51917569039627E-00002, 0.51917541638795E-00002, 0.35942287648978E-00006, 0.32927104986338E+00002, 0.10004699500123E+00001, 0.16586791327315E+00000, -.10672915111464E+00002, 0.51917507968537E-00002, 0.54801663403810E-00008
0.14061420513561E+00002, 0.51613059689108E-00002, 0.51620318853625E-00002, 0.41111583954547E-00001, 0.41107517728355E-00001, 0.41250559548926E+00001, 0.51613029023163E-00002, 0.51613059689108E-00002, 0.51613031952221E-00002, 0.72869014042801E-00006, 0.32023154171943E+00002, 0.10004708246307E+00001, 0.16555277900526E+00000, -.10672917305609E+00002, 0.51612998357217E-00002, 0.55473774571210E-00008
0.14091699889987E+00002, 0.51305250688467E-00002, 0.51297856634943E-00002, 0.40955809193117E-00001, 0.40951691788872E-00001, 0.41004819304753E+00001, 0.51305220992198E-00002, 0.51305250688467E-00002, 0.51305223630882E-00002, -.73669959387262E-00006, 0.31127987281051E+00002, 0.10004716954884E+00001, 0.16523883561503E+00000, -.10672919489112E+00002, 0.51305191295930E-00002, 0.54115171084980E-00008
0.14122020867022E+00002, 0.50994715609751E-00002, 0.50974271835045E-00002, 0.40800795218077E-00001, 0.40796638238644E-00001, 0.40756884548494E+00001, 0.50994686320611E-00002, 0.50994715609751E-00002, 0.50994689214294E-00002, -.20417379249701E-00005, 0.30502939747421E+00002, 0.10004725620352E+00001, 0.16492583225615E+00000, -.10672921662496E+00002, 0.50994657031469E-00002, 0.52790911059773E-00008
0.14152378561661E+00002, 0.50681968694555E-00002, 0.50662711476634E-00002, 0.40646444214859E-00001, 0.40642360867138E-00001, 0.40507159585585E+00001, 0.50681940579545E-00002, 0.50681968694555E-00002, 0.50681943569386E-00002, -.19232092751447E-00005, 0.31095679846088E+00002, 0.10004734237091E+00001, 0.16461357622193E+00000, -.10672923825270E+00002, 0.50681912464536E-00002, 0.50250337009208E-00008
0.14182782093801E+00002, 0.50367171759339E-00002, 0.50353843146499E-00002, 0.40492703666351E-00001, 0.40488791579995E-00001, 0.40255790015451E+00001, 0.50367144822144E-00002, 0.50367171759339E-00002, 0.50367147744513E-00002, -.13304598014165E-00005, 0.29838029519379E+00002, 0.10004742812740E+00001, 0.16430196522734E+00000, -.10672925977965E+00002, 0.50367117884951E-00002, 0.48029651187512E-00008
0.14213223716271E+00002, 0.50050705616260E-00002, 0.50047650938158E-00002, 0.40339710810584E-00001, 0.40335967829204E-00001, 0.40003111683091E+00001, 0.50050678338284E-00002, 0.50050705616260E-00002, 0.50050681594479E-00002, -.30306563212045E-00006, 0.30227208095748E+00002, 0.10004751350681E+00001, 0.16399128190361E+00000, -.10672928119915E+00002, 0.50050651060306E-00002, 0.48043562261942E-00008
0.14243685691792E+00002, 0.49733150077480E-00002, 0.49743014033263E-00002, 0.40187626274297E-00001, 0.40183968876395E-00001, 0.39749594382580E+00001, 0.49733123572944E-00002, 0.49733150077480E-00002, 0.49733126859431E-00002, 0.98871738317545E-00006, 0.28891887720692E+00002, 0.10004759843382E+00001, 0.16368185864515E+00000, -.10672930249786E+00002, 0.49733097068409E-00002, 0.46436098062367E-00008
0.14274146686958E+00002, 0.49415053380333E-00002, 0.49421175397431E-00002, 0.40036581156452E-00001, 0.40032925155987E-00001, 0.39495630453126E+00001, 0.49415029320502E-00002, 0.49415053380333E-00002, 0.49415032131622E-00002, 0.61432658092587E-00006, 0.28231084715289E+00002, 0.10004768279140E+00001, 0.16337397009408E+00000, -.10672932366041E+00002, 0.49415005260672E-00002, 0.42497423243824E-00008
0.14304603492831E+00002, 0.49096659700450E-00002, 0.49086621918206E-00002, 0.39886581844201E-00001, 0.39882908173958E-00001, 0.39241362994889E+00001, 0.49096636167614E-00002, 0.49096659700450E-00002, 0.49096639046473E-00002, -.10017128267484E-00005, 0.28393350169765E+00002, 0.10004776656002E+00001, 0.16306763799970E+00000, -.10672934468440E+00002, 0.49096612634780E-00002, 0.41307951071394E-00008
0.14335055835699E+00002, 0.48778176735692E-00002, 0.48762140190244E-00002, 0.39737560716471E-00001, 0.39733919837915E-00001, 0.38986970459434E+00001, 0.48778153201105E-00002, 0.48778176735692E-00002, 0.48778156226916E-00002, -.16016036672725E-00005, 0.27799427005485E+00002, 0.10004784976575E+00001, 0.16276273266419E+00000, -.10672936556963E+00002, 0.48778129666518E-00002, 0.41017550681639E-00008
0.14365510939547E+00002, 0.48459802781256E-00002, 0.48444384156046E-00002, 0.39589431050322E-00001, 0.39585893330315E-00001, 0.38732669884473E+00001, 0.48459780495008E-00002, 0.48459802781256E-00002, 0.48459783255975E-00002, -.15399099929503E-00005, 0.28770693410728E+00002, 0.10004793245272E+00001, 0.16245908418291E+00000, -.10672938632106E+00002, 0.48459758208761E-00002, 0.39050559176038E-00008
0.14395956735709E+00002, 0.48141981185276E-00002, 0.48133193319964E-00002, 0.39442278532062E-00001, 0.39438872637846E-00001, 0.38478846682909E+00001, 0.48141958480836E-00002, 0.48141981185276E-00002, 0.48141961573764E-00002, -.87682538003183E-00006, 0.28088635628210E+00002, 0.10004801459398E+00001, 0.16215687575526E+00000, -.10672940693061E+00002, 0.48141935776397E-00002, 0.39223022211436E-00008
0.14426387521802E+00002, 0.47825032924578E-00002, 0.47832334173061E-00002, 0.39296164237216E-00001, 0.39292853130402E-00001, 0.38225741275071E+00001, 0.47825010229579E-00002, 0.47825032924578E-00002, 0.47825013505559E-00002, 0.73206675024733E-00006, 0.28116914470354E+00002, 0.10004809616131E+00001, 0.16185624122909E+00000, -.10672942739477E+00002, 0.47824987534581E-00002, 0.38838036625333E-00008
0.14456811958172E+00002, 0.47509066152509E-00002, 0.47516463142591E-00002, 0.39151078459312E-00001, 0.39147795531451E-00001, 0.37973405095848E+00001, 0.47509046364136E-00002, 0.47509066152509E-00002, 0.47509048820459E-00002, 0.74143221322248E-00006, 0.26817491646884E+00002, 0.10004817716324E+00001, 0.16155716936390E+00000, -.10672944771989E+00002, 0.47509026575762E-00002, 0.34664100356112E-00008
0.14487229893283E+00002, 0.47194330608087E-00002, 0.47182346139583E-00002, 0.39007047231227E-00001, 0.39003764057749E-00001, 0.37722028943757E+00001, 0.47194312576155E-00002, 0.47194330608087E-00002, 0.47194314599011E-00002, -.11968459428009E-00005, 0.26606497055141E+00002, 0.10004825758946E+00001, 0.16125972266549E+00000, -.10672946790639E+00002, 0.47194294544222E-00002, 0.32018154105535E-00008
0.14500000000000E+00002, 0.47062538225689E-00002, 0.47045055017219E-00002, 0.38946872396597E-00001, 0.38943598211101E-00001, 0.37616768122496E+00001, 0.47062520236988E-00002, 0.47062538225689E-00002, 0.47062522314268E-00002, -.17467297049389E-00005, 0.26974510438363E+00002, 0.10004829118532E+00001, 0.16113528973422E+00000, -.10672947634124E+00002, 0.47062502248284E-00002, 0.31822842341965E-00008
0.14517483065355E+00002, 0.46882773220129E-00002, 0.46864766753726E-00002, 0.38864748324186E-00001, 0.38861505687802E-00001, 0.37473200039700E+00001, 0.46882755429525E-00002, 0.46882773220129E-00002, 0.46882757533693E-00002, -.17990779967055E-00005, 0.27025172986371E+00002, 0.10004833701926E+00001, 0.16096531370492E+00000, -.10672948785096E+00002, 0.46882737638922E-00002, 0.31372871859234E-00008
0.14547871102873E+00002, 0.46571636965353E-00002, 0.46563999576124E-00002, 0.38722684368883E-00001, 0.38719548095500E-00001, 0.37224735414875E+00001, 0.46571620951376E-00002, 0.46571636965353E-00002, 0.46571622608467E-00002, -.76230323427515E-00006, 0.27327453142075E+00002, 0.10004841626663E+00001, 0.16067085271632E+00000, -.10672950775203E+00002, 0.46571604937398E-00002, 0.28713774497941E-00008
0.14578237153083E+00002, 0.46262852867999E-00002, 0.46265229029430E-00002, 0.38581614009140E-00001, 0.38578601968144E-00001, 0.36978143430869E+00001, 0.46262837497595E-00002, 0.46262852867999E-00002, 0.46262839062245E-00002, 0.23899671850397E-00006, 0.27211708375339E+00002, 0.10004849498050E+00001, 0.16037791620449E+00000, -.10672952750697E+00002, 0.46262822127192E-00002, 0.27611504626292E-00008
0.14608596841472E+00002, 0.45956565425394E-00002, 0.45969059348956E-00002, 0.38441521658190E-00001, 0.38438588506947E-00001, 0.36733503963416E+00001, 0.45956548824892E-00002, 0.45956565425394E-00002, 0.45956550901414E-00002, 0.12508447542665E-00005, 0.26775215072398E+00002, 0.10004857321542E+00001, 0.16008648008330E+00000, -.10672954712711E+00002, 0.45956532224391E-00002, 0.29047958799522E-00008
0.14638973672181E+00002, 0.45652891994006E-00002, 0.45659552276548E-00002, 0.38302316479248E-00001, 0.38299409293996E-00001, 0.36490925875499E+00001, 0.45652876361232E-00002, 0.45652891994006E-00002, 0.45652878201649E-00002, 0.66740748996181E-00006, 0.26215359909025E+00002, 0.10004865096567E+00001, 0.15979636307761E+00000, -.10672956662865E+00002, 0.45652860728458E-00002, 0.27584713992060E-00008
0.14669384050796E+00002, 0.45352078883946E-00002, 0.45328677635271E-00002, 0.38163939779118E-00001, 0.38161055459750E-00001, 0.36250640681681E+00001, 0.45352063909227E-00002, 0.45352078883946E-00002, 0.45352065607472E-00002, -.23387972200734E-00005, 0.25469932475476E+00002, 0.10004872821500E+00001, 0.15950744973014E+00000, -.10672958602312E+00002, 0.45352048934507E-00002, 0.26552947926057E-00008
0.14699827154450E+00002, 0.45054547712317E-00002, 0.45017986241139E-00002, 0.38026359711196E-00001, 0.38023541193290E-00001, 0.36012998466231E+00001, 0.45054531422725E-00002, 0.45054547712317E-00002, 0.45054533640571E-00002, -.36547399431971E-00005, 0.26222973905737E+00002, 0.10004880498249E+00001, 0.15921967992095E+00000, -.10672960531104E+00002, 0.45054515133132E-00002, 0.28143492682316E-00008
0.14730263192789E+00002, 0.44761220793799E-00002, 0.44744273810438E-00002, 0.37889661700703E-00001, 0.37886943966217E-00001, 0.35778720993265E+00001, 0.44761205812788E-00002, 0.44761220793799E-00002, 0.44761207729811E-00002, -.16933919372839E-00005, 0.26247404995992E+00002, 0.10004888124748E+00001, 0.15893323902549E+00000, -.10672962446866E+00002, 0.44761190831776E-00002, 0.26127974492354E-00008
0.14760697397118E+00002, 0.44472657442000E-00002, 0.44481470757403E-00002, 0.37753795214077E-00001, 0.37751165699521E-00001, 0.35548231488493E+00001, 0.44472643848827E-00002, 0.44472657442000E-00002, 0.44472645447937E-00002, 0.88253094656352E-00006, 0.26490307273058E+00002, 0.10004895708612E+00001, 0.15864802806649E+00000, -.10672964350122E+00002, 0.44472630255654E-00002, 0.23988125898416E-00008
0.14791141252305E+00002, 0.44189156771643E-00002, 0.44216985834339E-00002, 0.37618729180204E-00001, 0.37616144787620E-00001, 0.35321780696222E+00001, 0.44189141601167E-00002, 0.44189156771643E-00002, 0.44189143733702E-00002, 0.27842100636999E-00005, 0.25914893844922E+00002, 0.10004903250592E+00001, 0.15836398828901E+00000, -.10672966241799E+00002, 0.44189126430692E-00002, 0.26075883802736E-00008
0.14821594019331E+00002, 0.43911249087343E-00002, 0.43930418189737E-00002, 0.37484477155824E-00001, 0.37481915782957E-00001, 0.35099829269475E+00001, 0.43911234156280E-00002, 0.43911249087343E-00002, 0.43911236147258E-00002, 0.19182042479038E-00005, 0.25702064872668E+00002, 0.10004910743503E+00001, 0.15808115459224E+00000, -.10672968122071E+00002, 0.43911219225216E-00002, 0.25880168962695E-00008
0.14852050207652E+00002, 0.43639754144890E-00002, 0.43613594682928E-00002, 0.37351107845029E-00001, 0.37348596828884E-00001, 0.34883027682849E+00001, 0.43639740423193E-00002, 0.43639754144890E-00002, 0.43639742050734E-00002, -.26147367805613E-00005, 0.25678997501444E+00002, 0.10004918184537E+00001, 0.15779967859078E+00000, -.10672969990849E+00002, 0.43639726701495E-00002, 0.24188313280986E-00008
0.14882523354473E+00002, 0.43374988288001E-00002, 0.43321266866029E-00002, 0.37218556768045E-00001, 0.37216149412143E-00001, 0.34671587809478E+00001, 0.43374973222561E-00002, 0.43374988288001E-00002, 0.43374975379968E-00002, -.53708513939185E-00005, 0.25878175848059E+00002, 0.10004925582031E+00001, 0.15751943111469E+00000, -.10672971849237E+00002, 0.43374958157120E-00002, 0.25816066501613E-00008
0.14913028518543E+00002, 0.43116881352154E-00002, 0.43087585753612E-00002, 0.37086635736241E-00001, 0.37084362360058E-00001, 0.34465439824232E+00001, 0.43116866662309E-00002, 0.43116881352154E-00002, 0.43116868696387E-00002, -.29282942774259E-00005, 0.26434783167499E+00002, 0.10004932943639E+00001, 0.15724001979191E+00000, -.10672973698424E+00002, 0.43116851972464E-00002, 0.25311534457410E-00008
0.14943568761403E+00002, 0.42865351278150E-00002, 0.42874542882110E-00002, 0.36955257647749E-00001, 0.36953093595510E-00001, 0.34264534806635E+00001, 0.42865338122702E-00002, 0.42865351278150E-00002, 0.42865339566555E-00002, 0.92033155549790E-00006, 0.26474176051792E+00002, 0.10004940271862E+00001, 0.15696126411262E+00000, -.10672975538855E+00002, 0.42865324967253E-00002, 0.23423190626114E-00008
0.14974128350889E+00002, 0.42620297874782E-00002, 0.42652947377143E-00002, 0.36824525545902E-00001, 0.36822402358240E-00001, 0.34068806902256E+00001, 0.42620283324602E-00002, 0.42620297874782E-00002, 0.42620285118200E-00002, 0.32662258942487E-00005, 0.25935893996980E+00002, 0.10004947565182E+00001, 0.15668338679409E+00000, -.10672977369843E+00002, 0.42620268774420E-00002, 0.25513163662940E-00008
0.15000000000000E+00002, 0.42417632064071E-00002, 0.42446548393509E-00002, 0.36714445935209E-00001, 0.36712310522221E-00001, 0.33906936472394E+00001, 0.42417617314462E-00002, 0.42417632064071E-00002, 0.42417619071978E-00002, 0.28929321531578E-00005, 0.26091558463339E+00002, 0.10004953710267E+00001, 0.15644902457395E+00000, -.10672978911861E+00002, 0.42417602564855E-00002, 0.25984185318381E-00008
0.15004585724928E+00002, 0.42382221183914E-00002, 0.42407093495390E-00002, 0.36694993148213E-00001, 0.36692854171739E-00001, 0.33878652979114E+00001, 0.42382206656291E-00002, 0.42382221183914E-00002, 0.42382208322101E-00002, 0.24885173289099E-00005, 0.26086539531661E+00002, 0.10004954796669E+00001, 0.15640757259633E+00000, -.10672979184421E+00002, 0.42382192128669E-00002, 0.25723624448777E-00008
0.15035157900793E+00002, 0.42148855246003E-00002, 0.42126582528795E-00002, 0.36565765306385E-00001, 0.36563627019309E-00001, 0.33692249634644E+00001, 0.42148842074393E-00002, 0.42148855246003E-00002, 0.42148843175255E-00002, -.22260646459932E-00005, 0.26138745662903E+00002, 0.10004962016404E+00001, 0.15613192137075E+00000, -.10672980995762E+00002, 0.42148828902784E-00002, 0.24141496418998E-00008
0.15065734278796E+00002, 0.41920422137870E-00002, 0.41863269900171E-00002, 0.36437278782459E-00001, 0.36435231386215E-00001, 0.33509786505247E+00001, 0.41920407456205E-00002, 0.41920422137870E-00002, 0.41920408962198E-00002, -.57139062027097E-00005, 0.26130756085353E+00002, 0.10004969191646E+00001, 0.15585736809117E+00000, -.10672982797480E+00002, 0.41920392774543E-00002, 0.26351344234166E-00008
0.15096317293008E+00002, 0.41696193183100E-00002, 0.41657505620390E-00002, 0.36309400594709E-00001, 0.36307524754041E-00001, 0.33330714311664E+00001, 0.41696177979280E-00002, 0.41696193183100E-00002, 0.41696179607578E-00002, -.38673987187912E-00005, 0.25753747675321E+00002, 0.10004976318871E+00001, 0.15558363366093E+00000, -.10672984589912E+00002, 0.41696162775460E-00002, 0.27151043667746E-00008
0.15126905607654E+00002, 0.41475455488638E-00002, 0.41474703370035E-00002, 0.36182098603484E-00001, 0.36180377272313E-00001, 0.33154452938142E+00001, 0.41475441964801E-00002, 0.41475455488638E-00002, 0.41475443072311E-00002, -.73970227620129E-00007, 0.25182075101290E+00002, 0.10004983406850E+00001, 0.15531065343044E+00000, -.10672986373140E+00002, 0.41475428440964E-00002, 0.24832656003718E-00008
0.15157500728144E+00002, 0.41257483028785E-00002, 0.41283317101022E-00002, 0.36055441736983E-00001, 0.36053771756509E-00001, 0.32980376357865E+00001, 0.41257468626582E-00002, 0.41257483028785E-00002, 0.41257470151862E-00002, 0.25846949159396E-00005, 0.25418025934327E+00002, 0.10004990471262E+00001, 0.15503857957937E+00000, -.10672988147382E+00002, 0.41257454224379E-00002, 0.25753844818252E-00008
0.15188101307752E+00002, 0.41041646198798E-00002, 0.41074963816045E-00002, 0.35929451436551E-00001, 0.35927750866105E-00001, 0.32807976067379E+00001, 0.41041631446434E-00002, 0.41041646198798E-00002, 0.41041633239697E-00002, 0.33330576347438E-00005, 0.24346208570140E+00002, 0.10004997513340E+00001, 0.15476746306756E+00000, -.10672989912659E+00002, 0.41041616694072E-00002, 0.25918201215680E-00008
0.15218706628156E+00002, 0.40827540685191E-00002, 0.40828564181214E-00002, 0.35804110692134E-00001, 0.35802403806046E-00001, 0.32636960166442E+00001, 0.40827528411949E-00002, 0.40827540685191E-00002, 0.40827529512829E-00002, 0.10346683845808E-00006, 0.24945879611745E+00002, 0.10005004517885E+00001, 0.15449727223511E+00000, -.10672991669007E+00002, 0.40827516138708E-00002, 0.22344725053004E-00008
0.15249320889293E+00002, 0.40614919396898E-00002, 0.40573313556069E-00002, 0.35679417074613E-00001, 0.35677804601986E-00001, 0.32467141361793E+00001, 0.40614906618765E-00002, 0.40614919396898E-00002, 0.40614908007701E-00002, -.41594451632269E-00005, 0.23838521899110E+00002, 0.10005011472475E+00001, 0.15422800669704E+00000, -.10672993416735E+00002, 0.40614893840633E-00002, 0.22778392983854E-00008
0.15279952216066E+00002, 0.40403501707752E-00002, 0.40360257276732E-00002, 0.35555304813123E-00001, 0.35553858033428E-00001, 0.32298281131748E+00001, 0.40403488479658E-00002, 0.40403501707752E-00002, 0.40403490145351E-00002, -.43232868618413E-00005, 0.24591761027062E+00002, 0.10005018382599E+00001, 0.15395952890965E+00000, -.10672995156357E+00002, 0.40403475251564E-00002, 0.23124803139196E-00008
0.15310597651614E+00002, 0.40193126303437E-00002, 0.40171235926548E-00002, 0.35431765014034E-00001, 0.35430460786289E-00001, 0.32130228936422E+00001, 0.40193115474266E-00002, 0.40193126303437E-00002, 0.40193116449645E-00002, -.21880523096948E-00005, 0.23910317093144E+00002, 0.10005025265374E+00001, 0.15369182371233E+00000, -.10672996887747E+00002, 0.40193104645092E-00002, 0.19707585911391E-00008
0.15341241441821E+00002, 0.39983953104961E-00002, 0.39988265843335E-00002, 0.35308885514969E-00001, 0.35307641119681E-00001, 0.31963111919073E+00001, 0.39983941629566E-00002, 0.39983953104961E-00002, 0.39983942843349E-00002, 0.43229999856063E-00006, 0.23975081642152E+00002, 0.10005032128420E+00001, 0.15342508598655E+00000, -.10672998610058E+00002, 0.39983930154170E-00002, 0.20523223418616E-00008
0.15371875609842E+00002, 0.39776351209897E-00002, 0.39807857763511E-00002, 0.35186656196182E-00001, 0.35185410600220E-00001, 0.31797260049604E+00001, 0.39776338689806E-00002, 0.39776351209897E-00002, 0.39776340238542E-00002, 0.31517524969915E-00005, 0.23496441809451E+00002, 0.10005038960626E+00001, 0.15315929876261E+00000, -.10673000322902E+00002, 0.39776326169714E-00002, 0.21942711077952E-00008
0.15402498728633E+00002, 0.39570811445171E-00002, 0.39591828189439E-00002, 0.35065060581464E-00001, 0.35063822021917E-00001, 0.31633081626977E+00001, 0.39570801075018E-00002, 0.39570811445171E-00002, 0.39570802011012E-00002, 0.21026178427749E-00005, 0.23084097352336E+00002, 0.10005045746311E+00001, 0.15289443107684E+00000, -.10673002026283E+00002, 0.39570790704865E-00002, 0.18868317212230E-00008
0.15433113139907E+00002, 0.39367825270134E-00002, 0.39344881439736E-00002, 0.34944157105374E-00001, 0.34942989418604E-00001, 0.31470946484831E+00001, 0.39367815040012E-00002, 0.39367825270134E-00002, 0.39367816131267E-00002, -.22934691531368E-00005, 0.23222795691675E+00002, 0.10005052483643E+00001, 0.15263061533295E+00000, -.10673003720435E+00002, 0.39367804809890E-00002, 0.18277734568735E-00008
0.15463721380586E+00002, 0.39167812487427E-00002, 0.39125712824632E-00002, 0.34823939705885E-00001, 0.34822906883626E-00001, 0.31311183311809E+00001, 0.39167801067053E-00002, 0.39167812487427E-00002, 0.39167802626521E-00002, -.42089801888997E-00005, 0.23027431227640E+00002, 0.10005059181673E+00001, 0.15236784373326E+00000, -.10673005405627E+00002, 0.39167789646680E-00002, 0.19721809885651E-00008
0.15494323858315E+00002, 0.38971198791744E-00002, 0.38944437010771E-00002, 0.34704342883864E-00001, 0.34703453773443E-00001, 0.31154144506757E+00001, 0.38971188568066E-00002, 0.38971198791744E-00002, 0.38971189486208E-00002, -.26752475436732E-00005, 0.22483891471787E+00002, 0.10005065848719E+00001, 0.15210597815090E+00000, -.10673007082024E+00002, 0.38971178344387E-00002, 0.18611073472362E-00008
0.15500000000000E+00002, 0.38935093049602E-00002, 0.38912910917344E-00002, 0.34682223950894E-00001, 0.34681356835964E-00001, 0.31125306762692E+00001, 0.38935082940687E-00002, 0.38935093049602E-00002, 0.38935083742925E-00002, -.22172825581276E-00005, 0.22334748349841E+00002, 0.10005067082390E+00001, 0.15205749778925E+00000, -.10673007392042E+00002, 0.38935072831772E-00002, 0.18613352931735E-00008
0.15524861875059E+00002, 0.38778950317212E-00002, 0.38780931769854E-00002, 0.34585575408887E-00001, 0.34584775742035E-00001, 0.31000590845939E+00001, 0.38778938896366E-00002, 0.38778950317212E-00002, 0.38778939756415E-00002, 0.19920134382879E-00006, 0.21988041410593E+00002, 0.10005072475098E+00001, 0.15184548156791E+00000, -.10673008746599E+00002, 0.38778927475521E-00002, 0.21121594189627E-00008
0.15555461934050E+00002, 0.38591119618489E-00002, 0.38623057079057E-00002, 0.34467115339384E-00001, 0.34466341740345E-00001, 0.30850547252458E+00001, 0.38591105975755E-00002, 0.38591119618489E-00002, 0.38591107304723E-00002, 0.31949774333928E-00005, 0.22037822968978E+00002, 0.10005079086350E+00001, 0.15158521330566E+00000, -.10673010406434E+00002, 0.38591092333020E-00002, 0.24627533083814E-00008
0.15586067235727E+00002, 0.38409045180053E-00002, 0.38430871563930E-00002, 0.34349167846954E-00001, 0.34348412648837E-00001, 0.30705085605893E+00001, 0.38409034004284E-00002, 0.38409045180053E-00002, 0.38409034773783E-00002, 0.21836790147229E-00005, 0.21828673867375E+00002, 0.10005085667568E+00001, 0.15132562648574E+00000, -.10673012058641E+00002, 0.38409022828517E-00002, 0.20812538865156E-00008
0.15616681082151E+00002, 0.38233529059219E-00002, 0.38206397660975E-00002, 0.34231783562470E-00001, 0.34231102312674E-00001, 0.30564864546632E+00001, 0.38233519772436E-00002, 0.38233529059219E-00002, 0.38233520549828E-00002, -.27122888853475E-00005, 0.21465719470050E+00002, 0.10005092218098E+00001, 0.15106683633957E+00000, -.10673013703652E+00002, 0.38233510485654E-00002, 0.17018781868776E-00008
0.15647307723753E+00002, 0.38064980387123E-00002, 0.38017500004205E-00002, 0.34114941409127E-00001, 0.34114391937051E-00001, 0.30430240904010E+00001, 0.38064970744544E-00002, 0.38064980387123E-00002, 0.38064972140627E-00002, -.47472136422601E-00005, 0.21190051199152E+00002, 0.10005098735726E+00001, 0.15080880038231E+00000, -.10673015341982E+00002, 0.38064961101964E-00002, 0.16492988732601E-00008
0.15677951668562E+00002, 0.37903588273915E-00002, 0.37879139360622E-00002, 0.33998531468515E-00001, 0.33998110237517E-00001, 0.30301368893469E+00001, 0.37903580129686E-00002, 0.37903588273915E-00002, 0.37903581144686E-00002, -.24441784064151E-00005, 0.20618379265570E+00002, 0.10005105221640E+00001, 0.15055127912335E+00000, -.10673016974173E+00002, 0.37903571985457E-00002, 0.14258460409387E-00008
0.15708615742123E+00002, 0.37749639278963E-00002, 0.37757007002718E-00002, 0.33882497197677E-00001, 0.33882144075199E-00001, 0.30178433005539E+00001, 0.37749631214272E-00002, 0.37749639278963E-00002, 0.37749632085936E-00002, 0.73749167826866E-00006, 0.20203952082968E+00002, 0.10005111686715E+00001, 0.15029414980337E+00000, -.10673018600689E+00002, 0.37749623149583E-00002, 0.14386055242568E-00008
0.15739285516361E+00002, 0.37603514746284E-00002, 0.37633078789092E-00002, 0.33766861092899E-00001, 0.33766529489277E-00001, 0.30061713781074E+00001, 0.37603504700397E-00002, 0.37603514746284E-00002, 0.37603506096507E-00002, 0.29572692585211E-00005, 0.19808885192732E+00002, 0.10005118138622E+00001, 0.15003746441672E+00000, -.10673020221086E+00002, 0.37603494654510E-00002, 0.17299554951279E-00008
0.15769952795733E+00002, 0.37465315375792E-00002, 0.37482554608321E-00002, 0.33651625416691E-00001, 0.33651337878311E-00001, 0.29951328517057E+00001, 0.37465306553547E-00002, 0.37465315375792E-00002, 0.37465307540269E-00002, 0.17247068052233E-00005, 0.19509868921226E+00002, 0.10005124573175E+00001, 0.14978123028090E+00000, -.10673021835265E+00002, 0.37465297731302E-00002, 0.15671045286588E-00008
0.15800620575935E+00002, 0.37334750362826E-00002, 0.37306732058611E-00002, 0.33536831751808E-00001, 0.33536655328426E-00001, 0.29847084017830E+00001, 0.37334742860117E-00002, 0.37334750362826E-00002, 0.37334743563790E-00002, -.28011505178531E-00005, 0.19107533117203E+00002, 0.10005130979163E+00001, 0.14952554241513E+00000, -.10673023443714E+00002, 0.37334735357408E-00002, 0.13598073142893E-00008
0.15831291752568E+00002, 0.37211181735766E-00002, 0.37166622705182E-00002, 0.33422489298338E-00001, 0.33422460238727E-00001, 0.29748464505115E+00001, 0.37211173102898E-00002, 0.37211181735766E-00002, 0.37211174371609E-00002, -.44551666426521E-00005, 0.18671900126069E+00002, 0.10005137350921E+00001, 0.14927042417112E+00000, -.10673025046903E+00002, 0.37211164470030E-00002, 0.14728312537189E-00008
0.15861968953938E+00002, 0.37093715088349E-00002, 0.37076640515608E-00002, 0.33308502455270E-00001, 0.33308587249877E-00001, 0.29654712755087E+00001, 0.37093707799710E-00002, 0.37093715088349E-00002, 0.37093708733758E-00002, -.17068218150813E-00005, 0.18444890976646E+00002, 0.10005143696933E+00001, 0.14901566462461E+00000, -.10673026645248E+00002, 0.37093700511071E-00002, 0.12709181237776E-00008
0.15892652163827E+00002, 0.36981404486420E-00002, 0.36992233183417E-00002, 0.33194816897135E-00001, 0.33194949697784E-00001, 0.29565033064028E+00001, 0.36981398451504E-00002, 0.36981404486420E-00002, 0.36981399020723E-00002, 0.10834162693355E-00005, 0.18335433872714E+00002, 0.10005150032498E+00001, 0.14876114388987E+00000, -.10673028238993E+00002, 0.36981392416587E-00002, 0.10931394458192E-00008
0.15923335176190E+00002, 0.36873336443733E-00002, 0.36895569894160E-00002, 0.33081436633904E-00001, 0.33081589617187E-00001, 0.29478711727843E+00001, 0.36873328969066E-00002, 0.36873336443733E-00002, 0.36873330056971E-00002, 0.22239837189430E-00005, 0.18142958353192E+00002, 0.10005156362572E+00001, 0.14850687219543E+00000, -.10673029828014E+00002, 0.36873321494398E-00002, 0.12773523188652E-00008
0.15954017218153E+00002, 0.36768561172609E-00002, 0.36776609858828E-00002, 0.32968347532790E-00001, 0.32968560083863E-00001, 0.29395041389797E+00001, 0.36768553985097E-00002, 0.36768561172609E-00002, 0.36768555005122E-00002, 0.80548537065398E-00006, 0.17944674962508E+00002, 0.10005162678989E+00001, 0.14825281904636E+00000, -.10673031412433E+00002, 0.36768546797584E-00002, 0.12334974305836E-00008
0.15984702014833E+00002, 0.36666132702556E-00002, 0.36636582882402E-00002, 0.32855585898990E-00001, 0.32855924338153E-00001, 0.29313278211280E+00001, 0.36666126343506E-00002, 0.36666132702556E-00002, 0.36666127097766E-00002, -.29544215364622E-00005, 0.17737591253669E+00002, 0.10005168971308E+00001, 0.14799906733713E+00000, -.10673032992563E+00002, 0.36666119984456E-00002, 0.11209579344396E-00008
0.16000000000000E+00002, 0.36615648627611E-00002, 0.36572626400115E-00002, 0.32799511771562E-00001, 0.32799927215183E-00001, 0.29272983136094E+00001, 0.36615641719400E-00002, 0.36615648627611E-00002, 0.36615642660835E-00002, -.43016260720230E-00005, 0.17664479919746E+00002, 0.10005172097467E+00001, 0.14787271952947E+00000, -.10673033778715E+00002, 0.36615634811186E-00002, 0.11933553970432E-00008
0.16015344031583E+00002, 0.36565338471831E-00002, 0.36520307639513E-00002, 0.32743360395538E-00001, 0.32743851153446E-00001, 0.29232824962977E+00001, 0.36565330780347E-00002, 0.36565338471831E-00002, 0.36565331991169E-00002, -.45024351656452E-00005, 0.17534194550934E+00002, 0.10005175225997E+00001, 0.14774608939109E+00000, -.10673034566153E+00002, 0.36565323088863E-00002, 0.12961322411195E-00008
0.16046032061766E+00002, 0.36465099687758E-00002, 0.36446139106463E-00002, 0.32631291661830E-00001, 0.32631896938734E-00001, 0.29152806419861E+00001, 0.36465092360249E-00002, 0.36465099687758E-00002, 0.36465093483606E-00002, -.18954377143062E-00005, 0.17268616407207E+00002, 0.10005181465680E+00001, 0.14749303183954E+00000, -.10673036137808E+00002, 0.36465085032737E-00002, 0.12408306183185E-00008
0.16076721216388E+00002, 0.36364846654750E-00002, 0.36374717583531E-00002, 0.32519492991680E-00001, 0.32520151036527E-00001, 0.29072775792670E+00001, 0.36364841115243E-00002, 0.36364846654750E-00002, 0.36364841680816E-00002, 0.98759027153607E-00006, 0.16995314521835E+00002, 0.10005187691639E+00001, 0.14724015075533E+00000, -.10673037705233E+00002, 0.36364835575737E-00002, 0.99478696506402E-00009
0.16107414691384E+00002, 0.36263947552482E-00002, 0.36286805173142E-00002, 0.32407948584717E-00001, 0.32408634681074E-00001, 0.28992233354695E+00001, 0.36263940946440E-00002, 0.36263947552482E-00002, 0.36263941879913E-00002, 0.22863293228951E-00005, 0.16934712547629E+00002, 0.10005193913015E+00001, 0.14698741121769E+00000, -.10673039268577E+00002, 0.36263934340398E-00002, 0.11345136850490E-00008
0.16138109891272E+00002, 0.36161912190453E-00002, 0.36180771179276E-00002, 0.32296661463180E-00001, 0.32297406184992E-00001, 0.28910781044366E+00001, 0.36161905426915E-00002, 0.36161912190453E-00002, 0.36161906400884E-00002, 0.18864778392552E-00005, 0.16868171315526E+00002, 0.10005200127291E+00001, 0.14673482082355E+00000, -.10673040827668E+00002, 0.36161898663377E-00002, 0.11579137574513E-00008
0.16168801942107E+00002, 0.36058391621048E-00002, 0.36044392962604E-00002, 0.32185704853853E-00001, 0.32186561898234E-00001, 0.28828123577839E+00001, 0.36058386281479E-00002, 0.36058391621048E-00002, 0.36058386768407E-00002, -.13993805802225E-00005, 0.16786657399389E+00002, 0.10005206321783E+00001, 0.14648254697825E+00000, -.10673042382200E+00002, 0.36058380941910E-00002, 0.97052811888147E-00009
0.16199493798949E+00002, 0.35953085705649E-00002, 0.35911207603852E-00002, 0.32075144849762E-00001, 0.32076146036159E-00001, 0.28744022101280E+00001, 0.35953079072345E-00002, 0.35953085705649E-00002, 0.35953079989839E-00002, -.41872385986925E-00005, 0.16543357094391E+00002, 0.10005212485096E+00001, 0.14623074197939E+00000, -.10673043932254E+00002, 0.35953072439042E-00002, 0.11431620574466E-00008
0.16230188267548E+00002, 0.35845718172953E-00002, 0.35813550968789E-00002, 0.31964943100582E-00001, 0.31966074656235E-00001, 0.28658283121016E+00001, 0.35845711374990E-00002, 0.35845718172953E-00002, 0.35845712360201E-00002, -.32161391412339E-00005, 0.16290064698206E+00002, 0.10005218617416E+00001, 0.14597932068295E+00000, -.10673045477891E+00002, 0.35845704577028E-00002, 0.11625501229473E-00008
0.16260887521362E+00002, 0.35736091093232E-00002, 0.35726668011847E-00002, 0.31855044900075E-00001, 0.31856260978235E-00001, 0.28570752554492E+00001, 0.35736086113327E-00002, 0.35736091093232E-00002, 0.35736086524809E-00002, -.94185129614602E-00006, 0.15967171808145E+00002, 0.10005224734371E+00001, 0.14572815994189E+00000, -.10673047019126E+00002, 0.35736081133423E-00002, 0.91368470268381E-00009
0.16291590684761E+00002, 0.35624095015283E-00002, 0.35636012850171E-00002, 0.31745442806515E-00001, 0.31746706445775E-00001, 0.28481319961408E+00001, 0.35624089367412E-00002, 0.35624095015283E-00002, 0.35624090051198E-00002, 0.11922798973357E-00005, 0.15609041997142E+00002, 0.10005230850641E+00001, 0.14547724405445E+00000, -.10673048555815E+00002, 0.35624083719541E-00002, 0.99281702959049E-00009
0.16322293347550E+00002, 0.35509672479617E-00002, 0.35535757078700E-00002, 0.31636125497348E-00001, 0.31637441273389E-00001, 0.28389934243987E+00001, 0.35509666420310E-00002, 0.35509672479617E-00002, 0.35509667292331E-00002, 0.26089786369492E-00005, 0.15569573963945E+00002, 0.10005236960739E+00001, 0.14522654830149E+00000, -.10673050087628E+00002, 0.35509660361002E-00002, 0.10374573278069E-00008
0.16352997067226E+00002, 0.35392801868193E-00002, 0.35398528012477E-00002, 0.31527125396470E-00001, 0.31528532021617E-00001, 0.28296590945142E+00001, 0.35392797459435E-00002, 0.35392801868193E-00002, 0.35392797820481E-00002, 0.57301919963967E-00006, 0.15507704233184E+00002, 0.10005243045932E+00001, 0.14497614837499E+00000, -.10673051614540E+00002, 0.35392793050676E-00002, 0.80954246960535E-00009
0.16383700498000E+00002, 0.35273526009366E-00002, 0.35241546187708E-00002, 0.31418556604445E-00001, 0.31420088918406E-00001, 0.28201333200825E+00001, 0.35273520635655E-00002, 0.35273526009366E-00002, 0.35273521345187E-00002, -.31975157479035E-00005, 0.15370049349166E+00002, 0.10005249092837E+00001, 0.14472630860684E+00000, -.10673053136380E+00002, 0.35273515261943E-00002, 0.93283591497431E-00009
0.16414405903075E+00002, 0.35151897546688E-00002, 0.35114714085867E-00002, 0.31310423091688E-00001, 0.31312081991893E-00001, 0.28104209326885E+00001, 0.35151891008118E-00002, 0.35151897546688E-00002, 0.35151892129567E-00002, -.37178043699557E-00005, 0.15249292034412E+00002, 0.10005255106011E+00001, 0.14447704106348E+00000, -.10673054653161E+00002, 0.35151884469550E-00002, 0.10834240752719E-00008
0.16445115957699E+00002, 0.35028001907811E-00002, 0.35011824282328E-00002, 0.31202647590502E-00001, 0.31204403465408E-00001, 0.28005278469646E+00001, 0.35027997261594E-00002, 0.35028001907811E-00002, 0.35027997781237E-00002, -.16173498908482E-00005, 0.15368245686258E+00002, 0.10005261103215E+00001, 0.14422817013446E+00000, -.10673056164916E+00002, 0.35027992615377E-00002, 0.82531500471612E-00009
0.16475827471671E+00002, 0.34901970193423E-00002, 0.34911991766273E-00002, 0.31095207123559E-00001, 0.31097029745267E-00001, 0.27904623532490E+00001, 0.34901965236207E-00002, 0.34901970193423E-00002, 0.34901965893245E-00002, 0.10025873028116E-00005, 0.15445043432756E+00002, 0.10005267097157E+00001, 0.14397964468067E+00000, -.10673057671389E+00002, 0.34901960278990E-00002, 0.86003559414087E-00009
0.16500000000000E+00002, 0.34801322961518E-00002, 0.34830742712106E-00002, 0.31010863181526E-00001, 0.31012733987615E-00001, 0.27824230389848E+00001, 0.34801316886075E-00002, 0.34801322961518E-00002, 0.34801317941915E-00002, 0.29424770190930E-00005, 0.15474090635894E+00002, 0.10005271809256E+00001, 0.14378424387840E+00000, -.10673058853283E+00002, 0.34801310810633E-00002, 0.10039205370041E-00008
0.16506526050489E+00002, 0.34773989882692E-00002, 0.34806018119751E-00002, 0.30988125665679E-00001, 0.30990011029161E-00001, 0.27802397366515E+00001, 0.34773983839781E-00002, 0.34773989882692E-00002, 0.34773984891366E-00002, 0.32033228385259E-00005, 0.15477001777983E+00002, 0.10005273079349E+00001, 0.14373152209514E+00000, -.10673059171785E+00002, 0.34773977796870E-00002, 0.99826526422282E-00009
0.16537238638192E+00002, 0.34644095681707E-00002, 0.34658209482313E-00002, 0.30881354916287E-00001, 0.30883325060730E-00001, 0.27698640768888E+00001, 0.34644091270688E-00002, 0.34644095681707E-00002, 0.34644091805938E-00002, 0.14117676374772E-00005, 0.15587504451335E+00002, 0.10005279038002E+00001, 0.14348369225871E+00000, -.10673060667340E+00002, 0.34644086859671E-00002, 0.77515372852779E-00009
0.16567956229684E+00002, 0.34512477448699E-00002, 0.34478876973155E-00002, 0.30775058318173E-00001, 0.30777138320761E-00001, 0.27593502393293E+00001, 0.34512472639476E-00002, 0.34512477448699E-00002, 0.34512473329547E-00002, -.33596356391734E-00005, 0.15725194832408E+00002, 0.10005284961831E+00001, 0.14323653704781E+00000, -.10673062157534E+00002, 0.34512467830252E-00002, 0.82383042761148E-00009
0.16598680202872E+00002, 0.34379272035831E-00002, 0.34331271434454E-00002, 0.30669248262150E-00001, 0.30671444590167E-00001, 0.27487096405318E+00001, 0.34379265848758E-00002, 0.34379272035831E-00002, 0.34379267015744E-00002, -.47995581290341E-00005, 0.15823237509367E+00002, 0.10005290853974E+00001, 0.14299008884570E+00000, -.10673063642363E+00002, 0.34379259661686E-00002, 0.10040173801099E-00008
0.16629404627556E+00002, 0.34244641128246E-00002, 0.34222672030396E-00002, 0.30563838414864E-00001, 0.30566135049839E-00001, 0.27379560941082E+00001, 0.34244636733694E-00002, 0.34244641128246E-00002, 0.34244637316525E-00002, -.21965286129098E-00005, 0.15878059717383E+00002, 0.10005296722663E+00001, 0.14274414971051E+00000, -.10673065121476E+00002, 0.34244632339142E-00002, 0.76234407811121E-00009
0.16660130513269E+00002, 0.34108708315744E-00002, 0.34120257135921E-00002, 0.30458764699043E-00001, 0.30461138543456E-00001, 0.27270984794167E+00001, 0.34108704254500E-00002, 0.34108708315744E-00002, 0.34108704734482E-00002, 0.11552401438546E-00005, 0.15885687878082E+00002, 0.10005302577252E+00001, 0.14249857238827E+00000, -.10673066594860E+00002, 0.34108700193256E-00002, 0.71625236557124E-00009
0.16690860469428E+00002, 0.33971552304037E-00002, 0.34006317218715E-00002, 0.30354011487899E-00001, 0.30356455342564E-00001, 0.27161425546305E+00001, 0.33971546687665E-00002, 0.33971552304037E-00002, 0.33971547688152E-00002, 0.34769530562989E-00005, 0.15841824769008E+00002, 0.10005308420165E+00001, 0.14225332213554E+00000, -.10673068062586E+00002, 0.33971541071292E-00002, 0.92317714657679E-00009
0.16721596462518E+00002, 0.33833220229088E-00002, 0.33851429965078E-00002, 0.30249628156463E-00001, 0.30252157480526E-00001, 0.27050932172755E+00001, 0.33833215970899E-00002, 0.33833220229088E-00002, 0.33833216514510E-00002, 0.18213450568219E-00005, 0.15742032584184E+00002, 0.10005314244313E+00001, 0.14200851654382E+00000, -.10673069524691E+00002, 0.33833211712711E-00002, 0.74291557889752E-00009
0.16752335311345E+00002, 0.33693778755889E-00002, 0.33665603505966E-00002, 0.30145756220549E-00001, 0.30148387490862E-00001, 0.26939558344323E+00001, 0.33693774556838E-00002, 0.33693778755889E-00002, 0.33693775072467E-00002, -.28171566501039E-00005, 0.15605995504059E+00002, 0.10005320037738E+00001, 0.14176449066568E+00000, -.10673070980975E+00002, 0.33693770357788E-00002, 0.73668416047170E-00009
0.16783074309251E+00002, 0.33553275505571E-00002, 0.33514147222623E-00002, 0.30042423431731E-00001, 0.30045148734988E-00001, 0.26827335427838E+00001, 0.33553269495511E-00002, 0.33553275505571E-00002, 0.33553270605318E-00002, -.39123382694910E-00005, 0.15657278543975E+00002, 0.10005325793039E+00001, 0.14152131389943E+00000, -.10673072431262E+00002, 0.33553263485452E-00002, 0.98005060371968E-00009
0.16813814855612E+00002, 0.33411714486110E-00002, 0.33399177771732E-00002, 0.29939507132084E-00001, 0.29942303234070E-00001, 0.26714256074237E+00001, 0.33411709786106E-00002, 0.33411714486110E-00002, 0.33411710449212E-00002, -.12532677480615E-00005, 0.15658386910373E+00002, 0.10005331516652E+00001, 0.14127870123054E+00000, -.10673073875576E+00002, 0.33411705086102E-00002, 0.80737951950944E-00009
0.16844557590635E+00002, 0.33269099043292E-00002, 0.33277809861676E-00002, 0.29836942784370E-00001, 0.29839806695142E-00001, 0.26600311029689E+00001, 0.33269094879708E-00002, 0.33269099043292E-00002, 0.33269095354161E-00002, 0.87145075156939E-00006, 0.15601897989766E+00002, 0.10005337225542E+00001, 0.14103650303939E+00000, -.10673075313900E+00002, 0.33269090716123E-00002, 0.73782621971278E-00009
0.16875303491084E+00002, 0.33125415694298E-00002, 0.33142761233959E-00002, 0.29734735221248E-00001, 0.29737694460752E-00001, 0.26485508207481E+00001, 0.33125409966715E-00002, 0.33125415694298E-00002, 0.33125410955895E-00002, 0.17350278063612E-00005, 0.15481160823386E+00002, 0.10005342928862E+00001, 0.14079473290633E+00000, -.10673076746231E+00002, 0.33125404239132E-00002, 0.94768071531985E-00009
0.16906053339960E+00002, 0.32980617882798E-00002, 0.32986699494732E-00002, 0.29632934454118E-00001, 0.29636012863311E-00001, 0.26369840960136E+00001, 0.32980613197854E-00002, 0.32980617882798E-00002, 0.32980613838477E-00002, 0.60856562553929E-00006, 0.15290560939327E+00002, 0.10005348615963E+00001, 0.14055351164620E+00000, -.10673078172552E+00002, 0.32980608512911E-00002, 0.80886428351402E-00009
0.16936804329082E+00002, 0.32834651798809E-00002, 0.32811446118236E-00002, 0.29531660116266E-00001, 0.29534843846146E-00001, 0.26253255001373E+00001, 0.32834647961909E-00002, 0.32834651798809E-00002, 0.32834648324079E-00002, -.23202205843042E-00005, 0.15025959999965E+00002, 0.10005354266972E+00001, 0.14031312629560E+00000, -.10673079592683E+00002, 0.32834644125010E-00002, 0.69494585518179E-00009
0.16967556752172E+00002, 0.32687433178411E-00002, 0.32658373599780E-00002, 0.29430935522691E-00001, 0.29434185273799E-00001, 0.26135649455720E+00001, 0.32687427553282E-00002, 0.32687433178411E-00002, 0.32687428519514E-00002, -.29054919733590E-00005, 0.14847313027530E+00002, 0.10005359873680E+00001, 0.14007363664085E+00000, -.10673081006588E+00002, 0.32687421928153E-00002, 0.93177947562076E-00009
0.16998311438985E+00002, 0.32538880107764E-00002, 0.32530985884127E-00002, 0.29330647762458E-00001, 0.29333941815523E-00001, 0.26016956999194E+00001, 0.32538875342848E-00002, 0.32538880107764E-00002, 0.32538876033897E-00002, -.78901497700151E-00006, 0.14757853870399E+00002, 0.10005365447259E+00001, 0.13983477813109E+00000, -.10673082414250E+00002, 0.32538870577933E-00002, 0.81477334752031E-00009
0.17000000000000E+00002, 0.32530645379891E-00002, 0.32523841380910E-00002, 0.29325152662536E-00001, 0.29328449318158E-00001, 0.26010377386704E+00001, 0.32530640746911E-00002, 0.32530645379891E-00002, 0.32530641394764E-00002, -.68000138538116E-00006, 0.14753982009197E+00002, 0.10005365752714E+00001, 0.13982167848737E+00000, -.10673082491351E+00002, 0.32530636113932E-00002, 0.79702534195417E-00009
0.17029027613181E+00002, 0.32389155560280E-00002, 0.32393954255366E-00002, 0.29230870246787E-00001, 0.29234225098530E-00001, 0.25897331387000E+00001, 0.32389152070298E-00002, 0.32389155560280E-00002, 0.32389152354033E-00002, 0.48019013324785E-00006, 0.14654281392912E+00002, 0.10005371000011E+00001, 0.13959672929976E+00000, -.10673083813756E+00002, 0.32389148580317E-00002, 0.64124928628256E-00009
0.17059789183490E+00002, 0.32237817222281E-00002, 0.32253255820290E-00002, 0.29131344277947E-00001, 0.29134792974463E-00001, 0.25776440741901E+00001, 0.32237811936410E-00002, 0.32237817222281E-00002, 0.32237812845219E-00002, 0.15442975071195E-00005, 0.14477566781025E+00002, 0.10005376553632E+00001, 0.13935887551677E+00000, -.10673085208861E+00002, 0.32237806650539E-00002, 0.87541250647054E-00009
0.17090555291842E+00002, 0.32084994086711E-00002, 0.32103038378845E-00002, 0.29032228776228E-00001, 0.29035785488191E-00001, 0.25654383379034E+00001, 0.32084989593374E-00002, 0.32084994086711E-00002, 0.32084990270613E-00002, 0.18048108231200E-00005, 0.14226481833844E+00002, 0.10005382087096E+00001, 0.13912159855375E+00000, -.10673086597637E+00002, 0.32084985100037E-00002, 0.76321954260541E-00009
0.17121325188874E+00002, 0.31930641863256E-00002, 0.31921276903433E-00002, 0.28933629833544E-00001, 0.28937278015372E-00001, 0.25531080736509E+00001, 0.31930638644533E-00002, 0.31930641863256E-00002, 0.31930638927221E-00002, -.93620237881026E-00006, 0.14021777020553E+00002, 0.10005387583215E+00001, 0.13888515599479E+00000, -.10673087979978E+00002, 0.31930635425811E-00002, 0.58720717148278E-00009
0.17152100186592E+00002, 0.31774770309383E-00002, 0.31744640198966E-00002, 0.28835608134540E-00001, 0.28839319050596E-00001, 0.25406522375926E+00001, 0.31774765369627E-00002, 0.31774770309383E-00002, 0.31774766245839E-00002, -.30126046872376E-00005, 0.13816494008864E+00002, 0.10005393038059E+00001, 0.13864969800313E+00000, -.10673089355882E+00002, 0.31774760429871E-00002, 0.81270885172616E-00009
0.17182878221712E+00002, 0.31617480440491E-00002, 0.31595823332454E-00002, 0.28738087139738E-00001, 0.28741848148152E-00001, 0.25280827939853E+00001, 0.31617476051489E-00002, 0.31617480440491E-00002, 0.31617476751550E-00002, -.21653419096064E-00005, 0.13532544384871E+00002, 0.10005398461917E+00001, 0.13841504527986E+00000, -.10673090725190E+00002, 0.31617471662486E-00002, 0.73778817773285E-00009
0.17213657371143E+00002, 0.31458949525688E-00002, 0.31452089405095E-00002, 0.28640993189394E-00001, 0.28644819115583E-00001, 0.25154169727345E+00001, 0.31458946541567E-00002, 0.31458949525688E-00002, 0.31458946772761E-00002, -.68573676663495E-00006, 0.13176341435841E+00002, 0.10005403870087E+00001, 0.13818102423848E+00000, -.10673092087759E+00002, 0.31458943557447E-00002, 0.55058512379429E-00009
0.17244435350694E+00002, 0.31299384337862E-00002, 0.31311195427552E-00002, 0.28544316262331E-00001, 0.28548233389654E-00001, 0.25026703250632E+00001, 0.31299379938807E-00002, 0.31299384337862E-00002, 0.31299380640339E-00002, 0.11814787212373E-00005, 0.12756573399216E+00002, 0.10005409266668E+00001, 0.13794761387892E+00000, -.10673093443435E+00002, 0.31299375539751E-00002, 0.73950439732756E-00009
0.17275213962513E+00002, 0.31138976547492E-00002, 0.31161518155259E-00002, 0.28448067470456E-00001, 0.28452084708023E-00001, 0.24898559547980E+00001, 0.31138972320434E-00002, 0.31138976547492E-00002, 0.31138972968465E-00002, 0.22545186793871E-00005, 0.12485031099807E+00002, 0.10005414639450E+00001, 0.13771484420220E+00000, -.10673094792254E+00002, 0.31138968093378E-00002, 0.71580549236667E-00009
0.17305994045733E+00002, 0.30977976007424E-00002, 0.30977589800477E-00002, 0.28352347480285E-00001, 0.28356444021507E-00001, 0.24769923374262E+00001, 0.30977973141573E-00002, 0.30977976007424E-00002, 0.30977973345592E-00002, -.38354511449765E-00007, 0.12440372404926E+00002, 0.10005419972472E+00001, 0.13748296253302E+00000, -.10673096134220E+00002, 0.30977970275721E-00002, 0.53236657629054E-00009
0.17336776637129E+00002, 0.30816687029636E-00002, 0.30791484269278E-00002, 0.28257234985840E-00001, 0.28261379605687E-00001, 0.24641043962434E+00001, 0.30816682667815E-00002, 0.30816687029636E-00002, 0.30816683381986E-00002, -.25199112707826E-00005, 0.12361212099084E+00002, 0.10005425262146E+00001, 0.13725216449013E+00000, -.10673097469361E+00002, 0.30816678305993E-00002, 0.72953006239734E-00009
0.17367562566981E+00002, 0.30655429003692E-00002, 0.30636802061243E-00002, 0.28162646748086E-00001, 0.28166829239460E-00001, 0.24512197453031E+00001, 0.30655424757407E-00002, 0.30655429003692E-00002, 0.30655425441527E-00002, -.18623380283247E-00005, 0.12294049230071E+00002, 0.10005430520020E+00001, 0.13702225305423E+00000, -.10673098797709E+00002, 0.30655420511125E-00002, 0.71243289784078E-00009
0.17398352451654E+00002, 0.30494537921533E-00002, 0.30492327031792E-00002, 0.28068481088264E-00001, 0.28072720653609E-00001, 0.24383650752367E+00001, 0.30494535253785E-00002, 0.30494537921533E-00002, 0.30494535415515E-00002, -.22083837228780E-00006, 0.12215877742775E+00002, 0.10005435762693E+00001, 0.13679298492799E+00000, -.10673100119295E+00002, 0.30494532586039E-00002, 0.50120350585786E-00009
0.17429147047259E+00002, 0.30334340973901E-00002, 0.30349401745238E-00002, 0.27974720418569E-00001, 0.27979040979563E-00001, 0.24255655189488E+00001, 0.30334337115954E-00002, 0.30334340973901E-00002, 0.30334337676416E-00002, 0.15064068822574E-00005, 0.12147737813874E+00002, 0.10005440994773E+00001, 0.13656432042221E+00000, -.10673101434169E+00002, 0.30334333258008E-00002, 0.65949713979139E-00009
0.17459947104711E+00002, 0.30175115216541E-00002, 0.30197126492442E-00002, 0.27881389709431E-00001, 0.27885792082817E-00001, 0.24128442952055E+00001, 0.30175111335806E-00002, 0.30175115216541E-00002, 0.30175111910381E-00002, 0.22014582060702E-00005, 0.12055711989208E+00002, 0.10005446203828E+00001, 0.13633632362515E+00000, -.10673102742396E+00002, 0.30175107455071E-00002, 0.66123203396207E-00009
0.17490750139444E+00002, 0.30017114120195E-00002, 0.30013368494407E-00002, 0.27788586087615E-00001, 0.27793051268012E-00001, 0.24002214996130E+00001, 0.30017111509240E-00002, 0.30017114120195E-00002, 0.30017111677479E-00002, -.37431830720431E-00006, 0.11981361840420E+00002, 0.10005451375493E+00001, 0.13610923575720E+00000, -.10673104043915E+00002, 0.30017108898286E-00002, 0.48854325273385E-00009
0.17500000000000E+00002, 0.29969899825616E-00002, 0.29955412544905E-00002, 0.27760835214558E-00001, 0.27765316018212E-00001, 0.23964492787702E+00001, 0.29969897098417E-00002, 0.29969899825616E-00002, 0.29969897312830E-00002, -.14484767924471E-00005, 0.11963099852308E+00002, 0.10005452920513E+00001, 0.13604125652306E+00000, -.10673104433423E+00002, 0.29969894371217E-00002, 0.50255715226806E-00009
0.17521372050548E+00002, 0.29861466522586E-00002, 0.29830060313887E-00002, 0.27696915606999E-00001, 0.27701431728480E-00001, 0.23877850309287E+00001, 0.29861462724507E-00002, 0.29861466522586E-00002, 0.29861463316523E-00002, -.31403002635267E-00005, 0.11901326180901E+00002, 0.10005456477614E+00001, 0.13588454807176E+00000, -.10673105331065E+00002, 0.29861458926427E-00002, 0.64121271823351E-00009
0.17552181209821E+00002, 0.29706442189717E-00002, 0.29682390122983E-00002, 0.27605188350246E-00001, 0.27609763907230E-00001, 0.23753960122886E+00001, 0.29706438102459E-00002, 0.29706442189717E-00002, 0.29706438826055E-00002, -.24048703071599E-00005, 0.11825697743028E+00002, 0.10005461580511E+00001, 0.13565934873854E+00000, -.10673106619395E+00002, 0.29706434015200E-00002, 0.67273253855825E-00009
0.17582994474764E+00002, 0.29553085887808E-00002, 0.29552015708992E-00002, 0.27513858457271E-00001, 0.27518503464029E-00001, 0.23631398247609E+00001, 0.29553083481622E-00002, 0.29553085887808E-00002, 0.29553083681662E-00002, -.10679726699869E-00006, 0.11769574450694E+00002, 0.10005466664510E+00001, 0.13543475294343E+00000, -.10673107901253E+00002, 0.29553081075435E-00002, 0.44122927798637E-00009
0.17613812255088E+00002, 0.29401455294135E-00002, 0.29419173527345E-00002, 0.27422925010452E-00001, 0.27427634189823E-00001, 0.23510237775462E+00001, 0.29401452067212E-00002, 0.29401455294135E-00002, 0.29401452576175E-00002, 0.17720951169714E-00005, 0.11706610893886E+00002, 0.10005471733766E+00001, 0.13521076143180E+00000, -.10673109176727E+00002, 0.29401448840290E-00002, 0.54359179524459E-00009
0.17644631563960E+00002, 0.29251523137961E-00002, 0.29275312879703E-00002, 0.27332420954332E-00001, 0.27337181725743E-00001, 0.23390471145507E+00001, 0.29251519523587E-00002, 0.29251523137961E-00002, 0.29251520193671E-00002, 0.23792686031952E-00005, 0.11637382866390E+00002, 0.10005476781392E+00001, 0.13498745856395E+00000, -.10673110445763E+00002, 0.29251515909213E-00002, 0.58885801571394E-00009
0.17675451445649E+00002, 0.29103179461483E-00002, 0.29102330893068E-00002, 0.27242409137435E-00001, 0.27247215239885E-00001, 0.23271980624151E+00001, 0.29103177290777E-00002, 0.29103179461483E-00002, 0.29103177506149E-00002, -.84661308041298E-00007, 0.11561953116019E+00002, 0.10005481797798E+00001, 0.13476500321531E+00000, -.10673111708393E+00002, 0.29103175120071E-00002, 0.39106672467075E-00009
0.17706271541738E+00002, 0.28956291555273E-00002, 0.28930822613999E-00002, 0.27152944334943E-00001, 0.27157793195527E-00001, 0.23154613348109E+00001, 0.28956288384154E-00002, 0.28956291555273E-00002, 0.28956288953341E-00002, -.25466339341777E-00005, 0.11480851842809E+00002, 0.10005486778929E+00001, 0.13454353529606E+00000, -.10673112964667E+00002, 0.28956285213034E-00002, 0.52038638297558E-00009
0.17737093857471E+00002, 0.28810698583315E-00002, 0.28796203970025E-00002, 0.27063948165999E-00001, 0.27068837124594E-00001, 0.23038243267342E+00001, 0.28810694891808E-00002, 0.28810698583315E-00002, 0.28810695650201E-00002, -.14491680176213E-00005, 0.11394627126779E+00002, 0.10005491728426E+00001, 0.13432286518187E+00000, -.10673114214730E+00002, 0.28810691200302E-00002, 0.58662262266247E-00009
0.17767918360701E+00002, 0.28666236570298E-00002, 0.28672925065794E-00002, 0.26975326466533E-00001, 0.26980261892338E-00001, 0.22922777428337E+00001, 0.28666234213348E-00002, 0.28666236570298E-00002, 0.28666234539966E-00002, 0.66905258278992E-00006, 0.11312149174567E+00002, 0.10005496656256E+00001, 0.13410276275189E+00000, -.10673115458632E+00002, 0.28666231856397E-00002, 0.40606641516473E-00009
0.17798738738775E+00002, 0.28522737640012E-00002, 0.28535894660028E-00002, 0.26887097679373E-00001, 0.26892097823463E-00001, 0.22808107543226E+00001, 0.28522735017651E-00002, 0.28522737640012E-00002, 0.28522735443906E-00002, 0.13159216122369E-00005, 0.11251886061948E+00002, 0.10005501570929E+00001, 0.13388327672360E+00000, -.10673116696162E+00002, 0.28522732395291E-00002, 0.43922124814585E-00009
0.17829555270789E+00002, 0.28379952280535E-00002, 0.28385816441391E-00002, 0.26799310290774E-00001, 0.26804387962671E-00001, 0.22694035410463E+00001, 0.28379949033045E-00002, 0.28379952280535E-00002, 0.28379949676823E-00002, 0.58667645675864E-00006, 0.11186527730760E+00002, 0.10005506470713E+00001, 0.13366453104888E+00000, -.10673117927367E+00002, 0.28379945785555E-00002, 0.52074229773080E-00009
0.17860368912961E+00002, 0.28237617334200E-00002, 0.28224887460848E-00002, 0.26712023438933E-00001, 0.26717166759774E-00001, 0.22580330631665E+00001, 0.28237615073782E-00002, 0.28237617334200E-00002, 0.28237615395250E-00002, -.12727934401905E-00005, 0.11116505898807E+00002, 0.10005511342736E+00001, 0.13344667708847E+00000, -.10673119152309E+00002, 0.28237612813363E-00002, 0.38779006013799E-00009
0.17891180837417E+00002, 0.28095499460280E-00002, 0.28070800176050E-00002, 0.26625266000720E-00001, 0.26630443475874E-00001, 0.22466776994170E+00001, 0.28095497072492E-00002, 0.28095499460280E-00002, 0.28095497440703E-00002, -.24697264653222E-00005, 0.11042288018225E+00002, 0.10005516176104E+00001, 0.13322979146502E+00000, -.10673120371053E+00002, 0.28095494684705E-00002, 0.40391531409791E-00009
0.17921992343679E+00002, 0.27953388033930E-00002, 0.27946132856070E-00002, 0.26538962077547E-00001, 0.26544151804651E-00001, 0.22353193644668E+00001, 0.27953384612475E-00002, 0.27953388033930E-00002, 0.27953385328815E-00002, -.72524727454453E-00006, 0.10964268537032E+00002, 0.10005520973514E+00001, 0.13301368871297E+00000, -.10673121583657E+00002, 0.27953381191020E-00002, 0.54102289208996E-00009
0.17952804718322E+00002, 0.27811092592959E-00002, 0.27826878650031E-00002, 0.26453008072505E-00001, 0.26458222246889E-00001, 0.22239446197074E+00001, 0.27811090181322E-00002, 0.27811092592959E-00002, 0.27811090566730E-00002, 0.15788083300964E-00005, 0.10989274062430E+00002, 0.10005525748982E+00001, 0.13279811261838E+00000, -.10673122790169E+00002, 0.27811087769685E-00002, 0.40524578313078E-00009
0.17983619118940E+00002, 0.27668461393068E-00002, 0.27684658641796E-00002, 0.26367415547115E-00001, 0.26372688831512E-00001, 0.22125445750861E+00001, 0.27668459169570E-00002, 0.27668461393068E-00002, 0.27668459500714E-00002, 0.16199141082480E-00005, 0.11019163270192E+00002, 0.10005530513708E+00001, 0.13258309481759E+00000, -.10673123990620E+00002, 0.27668456946071E-00002, 0.37847088542156E-00009
0.18000000000000E+00002, 0.27592425670693E-00002, 0.27603611776485E-00002, 0.26322091155010E-00001, 0.26327404944847E-00001, 0.22064689640751E+00001, 0.27592422885083E-00002, 0.27592425670693E-00002, 0.27592423408342E-00002, 0.11188368142773E-00005, 0.11026741090235E+00002, 0.10005533041427E+00001, 0.13246909364077E+00000, -.10673124626271E+00002, 0.27592420099472E-00002, 0.45247026539793E-00009
0.18014252646880E+00002, 0.27526222411173E-00002, 0.27532475783751E-00002, 0.26282765308280E-00001, 0.26288112973973E-00001, 0.22011800781269E+00001, 0.27526219378635E-00002, 0.27526222411173E-00002, 0.27526219987915E-00002, 0.62557958356600E-00006, 0.11028634180188E+00002, 0.10005535235821E+00001, 0.13237010062266E+00000, -.10673125177919E+00002, 0.27526216346097E-00002, 0.48465151327768E-00009
0.18045064939748E+00002, 0.27382605044653E-00002, 0.27375834239585E-00002, 0.26198121912248E-00001, 0.26203519057341E-00001, 0.21897082849936E+00001, 0.27382602818958E-00002, 0.27382605044653E-00002, 0.27382603165193E-00002, -.67689256078446E-00006, 0.11086095334557E+00002, 0.10005539956986E+00001, 0.13215678040935E+00000, -.10673126365983E+00002, 0.27382600593264E-00002, 0.37589204336047E-00009
0.18075872202275E+00002, 0.27238402274241E-00002, 0.27220568737782E-00002, 0.26114014404657E-00001, 0.26119423049791E-00001, 0.21781868866371E+00001, 0.27238400260227E-00002, 0.27238402274241E-00002, 0.27238400540023E-00002, -.17831802240700E-00005, 0.11157019694785E+00002, 0.10005544640410E+00001, 0.13194446913925E+00000, -.10673127547648E+00002, 0.27238398246213E-00002, 0.34684366788277E-00009
0.18106675709289E+00002, 0.27093602428583E-00002, 0.27081842562150E-00002, 0.26030377735498E-00001, 0.26035792383512E-00001, 0.21666116911194E+00001, 0.27093599376203E-00002, 0.27093602428583E-00002, 0.27093600007574E-00002, -.11757445424513E-00005, 0.11265918676214E+00002, 0.10005549291271E+00001, 0.13173300709009E+00000, -.10673128722943E+00002, 0.27093596323825E-00002, 0.48420174011312E-00009
0.18137477002085E+00002, 0.26948259888728E-00002, 0.26950696713549E-00002, 0.25947123768465E-00001, 0.25952576985584E-00001, 0.21549905769606E+00001, 0.26948257312030E-00002, 0.26948259888728E-00002, 0.26948257793563E-00002, 0.24389199854245E-00006, 0.11339909364030E+00002, 0.10005553922090E+00001, 0.13152217498319E+00000, -.10673129891904E+00002, 0.26948254735333E-00002, 0.41903293539451E-00009
0.18168277600880E+00002, 0.26802487472617E-00002, 0.26807081809766E-00002, 0.25864259388936E-00001, 0.25869784861503E-00001, 0.21433387392187E+00001, 0.26802485556295E-00002, 0.26802487472617E-00002, 0.26802485829340E-00002, 0.45959804262592E-00006, 0.11393143927356E+00002, 0.10005558539273E+00001, 0.13131199333124E+00000, -.10673131054565E+00002, 0.26802483639973E-00002, 0.32865539430623E-00009
0.18199078760898E+00002, 0.26656400222866E-00002, 0.26659597325827E-00002, 0.25781846816304E-00001, 0.25787443765124E-00001, 0.21316674517027E+00001, 0.26656397408139E-00002, 0.26656400222866E-00002, 0.26656397993751E-00002, 0.31993320763639E-00006, 0.11418593579714E+00002, 0.10005563136016E+00001, 0.13110262345787E+00000, -.10673132210955E+00002, 0.26656394593411E-00002, 0.44582304439768E-00009
0.18229881561263E+00002, 0.26510089174484E-00002, 0.26511271994253E-00002, 0.25699915464959E-00001, 0.25705550890905E-00001, 0.21199800101565E+00001, 0.26510086800852E-00002, 0.26510089174484E-00002, 0.26510087252504E-00002, 0.11847417487369E-00006, 0.11410791562902E+00002, 0.10005567700928E+00001, 0.13089414416482E+00000, -.10673133361102E+00002, 0.26510084427220E-00002, 0.38439592275046E-00009
0.18260687224030E+00002, 0.26363670811013E-00002, 0.26353785180443E-00002, 0.25618480738745E-00001, 0.25624122501627E-00001, 0.21082797356719E+00001, 0.26363669101046E-00002, 0.26363670811013E-00002, 0.26363669343362E-00002, -.98841629185433E-00006, 0.11388320675782E+00002, 0.10005572231578E+00001, 0.13068659900374E+00000, -.10673134505045E+00002, 0.26363667391079E-00002, 0.29353024594732E-00009
0.18291497204470E+00002, 0.26217307981716E-00002, 0.26205885598315E-00002, 0.25537516056602E-00001, 0.25543159623033E-00001, 0.20965787869665E+00001, 0.26217305213093E-00002, 0.26217307981716E-00002, 0.26217305818348E-00002, -.11420220033256E-00005, 0.11363457393328E+00002, 0.10005576734740E+00001, 0.13047992452635E+00000, -.10673135642837E+00002, 0.26217302444470E-00002, 0.43267353829596E-00009
0.18322311902783E+00002, 0.26071180264743E-00002, 0.26074728356457E-00002, 0.25456946984514E-00001, 0.25462610585700E-00001, 0.20848964174232E+00001, 0.26071177572804E-00002, 0.26071180264743E-00002, 0.26071178160528E-00002, 0.35501959290716E-00006, 0.11313666368995E+00002, 0.10005581217537E+00001, 0.13027393442157E+00000, -.10673136774497E+00002, 0.26071174880866E-00002, 0.42084297497989E-00009
0.18353124398361E+00002, 0.25925479762590E-00002, 0.25937159657061E-00002, 0.25376774662002E-00001, 0.25382475520246E-00001, 0.20732517110281E+00001, 0.25925478069614E-00002, 0.25925479762590E-00002, 0.25925478330456E-00002, 0.11681326604977E-00005, 0.11241201702239E+00002, 0.10005585681391E+00001, 0.13006863486125E+00000, -.10673137899784E+00002, 0.25925476376638E-00002, 0.28642678049531E-00009
0.18383934068471E+00002, 0.25780329752079E-00002, 0.25786698590524E-00002, 0.25297051569870E-00001, 0.25302793751677E-00001, 0.20616537407190E+00001, 0.25780327409158E-00002, 0.25780329752079E-00002, 0.25780327891437E-00002, 0.63706990875495E-00006, 0.11237742144344E+00002, 0.10005590123224E+00001, 0.12986416382736E+00000, -.10673139018695E+00002, 0.25780325066238E-00002, 0.37212849686041E-00009
0.18414741953606E+00002, 0.25635820615928E-00002, 0.25632482319679E-00002, 0.25217807741554E-00001, 0.25223586939464E-00001, 0.20501073743430E+00001, 0.25635818006364E-00002, 0.25635820615928E-00002, 0.25635818582373E-00002, -.33362626948916E-00006, 0.11228277515688E+00002, 0.10005594537649E+00001, 0.12966060245002E+00000, -.10673140131295E+00002, 0.25635815396801E-00002, 0.40671074707492E-00009
0.18445549344181E+00002, 0.25492051078871E-00002, 0.25474671475615E-00002, 0.25139053271276E-00001, 0.25144862790247E-00001, 0.20386187250507E+00001, 0.25492049520557E-00002, 0.25492051078871E-00002, 0.25492049752819E-00002, -.17378277203542E-00005, 0.11232628910389E+00002, 0.10005598922455E+00001, 0.12945798101128E+00000, -.10673141237660E+00002, 0.25492047962243E-00002, 0.26521046740519E-00009
0.18476357843048E+00002, 0.25349122071148E-00002, 0.25329957350729E-00002, 0.25060775311233E-00001, 0.25066608730420E-00001, 0.20271947217594E+00001, 0.25349119654766E-00002, 0.25349122071148E-00002, 0.25349120182604E-00002, -.19162831874199E-00005, 0.11216446904349E+00002, 0.10005603280253E+00001, 0.12925627079884E+00000, -.10673142337882E+00002, 0.25349117238383E-00002, 0.37770899391439E-00009
0.18500000000000E+00002, 0.25240022336218E-00002, 0.25236106337884E-00002, 0.25000985488801E-00001, 0.25006835958302E-00001, 0.20184732418895E+00001, 0.25240019288257E-00002, 0.25240022336218E-00002, 0.25240020035707E-00002, -.39136978226598E-00006, 0.11189507949500E+00002, 0.10005606608198E+00001, 0.12910198936965E+00000, -.10673143178014E+00002, 0.25240016240296E-00002, 0.46010232374821E-00009
0.18507125464661E+00002, 0.25207298831031E-00002, 0.25208695703654E-00002, 0.24983007830891E-00001, 0.24988863759320E-00001, 0.20158572211001E+00001, 0.25207295926593E-00002, 0.25207298831031E-00002, 0.25207296629126E-00002, 0.13990745281571E-00006, 0.11178844529163E+00002, 0.10005607608674E+00001, 0.12905556382399E+00000, -.10673143430513E+00002, 0.25207293022155E-00002, 0.44038100006334E-00009
0.18537941207624E+00002, 0.25066223617181E-00002, 0.25078286448923E-00002, 0.24905493907474E-00001, 0.24911375876716E-00001, 0.20045796889649E+00001, 0.25066222073955E-00002, 0.25066223617181E-00002, 0.25066222335674E-00002, 0.12064113248448E-00005, 0.11140209663654E+00002, 0.10005611922784E+00001, 0.12885520014723E+00000, -.10673144518752E+00002, 0.25066220530729E-00002, 0.25630125694852E-00009
0.18568762570752E+00002, 0.24926149007361E-00002, 0.24929557444728E-00002, 0.24828401982662E-00001, 0.24834308497082E-00001, 0.19933847722320E+00001, 0.24926146980959E-00002, 0.24926149007361E-00002, 0.24926147416023E-00002, 0.34100287043476E-00006, 0.11139332885720E+00002, 0.10005616216261E+00001, 0.12865561778812E+00000, -.10673145601122E+00002, 0.24926144954558E-00002, 0.31826753007805E-00009
0.18599588673893E+00002, 0.24787114072276E-00002, 0.24783072621765E-00002, 0.24751768019781E-00001, 0.24757687805633E-00001, 0.19822769456998E+00001, 0.24787111482205E-00002, 0.24787114072276E-00002, 0.24787112116212E-00002, -.40394944465201E-00006, 0.11110336504973E+00002, 0.10005620484581E+00001, 0.12845691370983E+00000, -.10673146677635E+00002, 0.24787108892133E-00002, 0.39121292092704E-00009
0.18630413035131E+00002, 0.24649161212593E-00002, 0.24640484666280E-00002, 0.24675592316771E-00001, 0.24681515848093E-00001, 0.19712563510848E+00001, 0.24649159666226E-00002, 0.24649161212593E-00002, 0.24649159962169E-00002, -.86752958886811E-00006, 0.11052091996810E+00002, 0.10005624723965E+00001, 0.12825909276869E+00000, -.10673147748109E+00002, 0.24649158119859E-00002, 0.25008497132767E-00009
0.18661236137036E+00002, 0.24512298963205E-00002, 0.24506409674210E-00002, 0.24599845645163E-00001, 0.24605776858141E-00001, 0.19603180346452E+00001, 0.24512296964505E-00002, 0.24512298963205E-00002, 0.24512297419534E-00002, -.58877453240570E-00006, 0.10974116433825E+00002, 0.10005628937444E+00001, 0.12806208297843E+00000, -.10673148812610E+00002, 0.24512294965804E-00002, 0.30873408941723E-00009
0.18692059639224E+00002, 0.24376536277549E-00002, 0.24386060020888E-00002, 0.24524475316711E-00001, 0.24530426125256E-00001, 0.19494623777648E+00001, 0.24376533430463E-00002, 0.24376536277549E-00002, 0.24376534174212E-00002, 0.95258466754994E-00006, 0.10952368275963E+00002, 0.10005633129748E+00001, 0.12786575073545E+00000, -.10673149871242E+00002, 0.24376530583377E-00002, 0.42066725360479E-00009
0.18722885167748E+00002, 0.24241894556316E-00002, 0.24251889656372E-00002, 0.24449478079446E-00001, 0.24455454010175E-00001, 0.19386970742623E+00001, 0.24241893033066E-00002, 0.24241894556316E-00002, 0.24241893338493E-00002, 0.99963178786189E-00006, 0.10922313981403E+00002, 0.10005637302659E+00001, 0.12767009067501E+00000, -.10673150924109E+00002, 0.24241891509816E-00002, 0.24356465047021E-00009
0.18753713213210E+00002, 0.24108396655365E-00002, 0.24096112939392E-00002, 0.24374932730524E-00001, 0.24380928853218E-00001, 0.19280287377338E+00001, 0.24108394995584E-00002, 0.24108396655365E-00002, 0.24108395346989E-00002, -.12282407596580E-00005, 0.10886442338829E+00002, 0.10005641455428E+00001, 0.12747531193797E+00000, -.10673151971275E+00002, 0.24108393335802E-00002, 0.26167536704383E-00009
0.18784544942742E+00002, 0.23976021069047E-00002, 0.23953817049205E-00002, 0.24300852850077E-00001, 0.24306862167003E-00001, 0.19174544745442E+00001, 0.23976018297735E-00002, 0.23976021069047E-00002, 0.23976019019011E-00002, -.22201969805413E-00005, 0.10875736977087E+00002, 0.10005645585695E+00001, 0.12728145413499E+00000, -.10673153012825E+00002, 0.23976015526421E-00002, 0.41000729220914E-00009
0.18815378693566E+00002, 0.23844745046132E-00002, 0.23829654084881E-00002, 0.24227176133403E-00001, 0.24233197154157E-00001, 0.19069668059108E+00001, 0.23844743548726E-00002, 0.23844745046132E-00002, 0.23844743845246E-00002, -.15089760364669E-00005, 0.11007961798742E+00002, 0.10005649690749E+00001, 0.12708835806478E+00000, -.10673154048751E+00002, 0.23844742051320E-00002, 0.24017735555176E-00009
0.18846208806283E+00002, 0.23714601015387E-00002, 0.23713419436049E-00002, 0.24153877483302E-00001, 0.24159911907928E-00001, 0.18965638856685E+00001, 0.23714599290994E-00002, 0.23714601015387E-00002, 0.23714599664839E-00002, -.11802287899593E-00006, 0.11141292333065E+00002, 0.10005653769709E+00001, 0.12689596127879E+00000, -.10673155078910E+00002, 0.23714597566601E-00002, 0.27010973972963E-00009
0.18877036520760E+00002, 0.23585599008260E-00002, 0.23605332123265E-00002, 0.24080929168094E-00001, 0.24086974999755E-00001, 0.18862489015369E+00001, 0.23585596025273E-00002, 0.23585599008260E-00002, 0.23585596822341E-00002, 0.19735300923793E-00005, 0.11273260506064E+00002, 0.10005657824041E+00001, 0.12670419400608E+00000, -.10673156103396E+00002, 0.23585593042286E-00002, 0.43718393503954E-00009
0.18907863561702E+00002, 0.23457722594796E-00002, 0.23476196745964E-00002, 0.24008345363641E-00001, 0.24014396212215E-00001, 0.18760260720640E+00001, 0.23457721025018E-00002, 0.23457722594796E-00002, 0.23457721355664E-00002, 0.18475390299948E-00005, 0.11402096843649E+00002, 0.10005661856701E+00001, 0.12651309645946E+00000, -.10673157122316E+00002, 0.23457719455240E-00002, 0.24782641073649E-00009
0.18938691568498E+00002, 0.23330945728931E-00002, 0.23320489140328E-00002, 0.23936212163459E-00001, 0.23942262148511E-00001, 0.18658949408616E+00001, 0.23330944257559E-00002, 0.23330945728931E-00002, 0.23330944559230E-00002, -.10455418901320E-00005, 0.11536700116982E+00002, 0.10005665871317E+00001, 0.12632289885701E+00000, -.10673158135771E+00002, 0.23330942786188E-00002, 0.23394023484294E-00009
0.18969521898093E+00002, 0.23205239942583E-00002, 0.23182334103853E-00002, 0.23864540908801E-00001, 0.23870585743243E-00001, 0.18558516251592E+00001, 0.23205237066924E-00002, 0.23205239942583E-00002, 0.23205237838161E-00002, -.22903734307446E-00005, 0.11670171415386E+00002, 0.10005669867435E+00001, 0.12613363524136E+00000, -.10673159143849E+00002, 0.23205234191264E-00002, 0.42088454656712E-00009
0.19000000000000E+00002, 0.23081990247931E-00002, 0.23068707307324E-00002, 0.23794068902546E-00001, 0.23800105663492E-00001, 0.18460043871553E+00001, 0.23081988698496E-00002, 0.23081990247931E-00002, 0.23081989026180E-00002, -.13281718855931E-00005, 0.11788510552037E+00002, 0.10005673795163E+00001, 0.12594726119173E+00000, -.10673160135095E+00002, 0.23081987149061E-00002, 0.24435009869691E-00009
0.19000192724297E+00002, 0.23081247025770E-00002, 0.23068033986228E-00002, 0.23793624367883E-00001, 0.23799661079100E-00001, 0.18459450001541E+00001, 0.23081245487435E-00002, 0.23081247025770E-00002, 0.23081245811402E-00002, -.13211825173849E-00005, 0.11789179701626E+00002, 0.10005673819920E+00001, 0.12594608467616E+00000, -.10673160141346E+00002, 0.23081243949101E-00002, 0.24287349670354E-00009
0.19031031185536E+00002, 0.22957655907245E-00002, 0.22955901208641E-00002, 0.23722663513840E-00001, 0.23728696403435E-00001, 0.18360673985806E+00001, 0.22957654551457E-00002, 0.22957655907245E-00002, 0.22957654810515E-00002, -.17536018739218E-00006, 0.11895910052482E+00002, 0.10005677768963E+00001, 0.12575813695036E+00000, -.10673161138949E+00002, 0.22957653195670E-00002, 0.21934603719287E-00009
0.19061875263966E+00002, 0.22835115059223E-00002, 0.22849251491657E-00002, 0.23652011306337E-00001, 0.23658055909921E-00001, 0.18262702405952E+00001, 0.22835111930137E-00002, 0.22835115059223E-00002, 0.22835112774802E-00002, 0.14138716855216E-00005, 0.12021711883430E+00002, 0.10005681695771E+00001, 0.12557072723194E+00000, -.10673162131416E+00002, 0.22835108801050E-00002, 0.45688426052824E-00009
0.19092718301053E+00002, 0.22713627757051E-00002, 0.22726184893653E-00002, 0.23581692643104E-00001, 0.23587762933429E-00001, 0.18165569474602E+00001, 0.22713625940071E-00002, 0.22713627757051E-00002, 0.22713626342126E-00002, 0.12558551527454E-00005, 0.12204838723799E+00002, 0.10005685603732E+00001, 0.12538392412401E+00000, -.10673163118580E+00002, 0.22713624123091E-00002, 0.28298493805343E-00009
0.19123559005877E+00002, 0.22593215105764E-00002, 0.22577194253521E-00002, 0.23511812179876E-00001, 0.23517901707724E-00001, 0.18069322857064E+00001, 0.22593213868911E-00002, 0.22593215105764E-00002, 0.22593214074425E-00002, -.16019820903918E-00005, 0.12371018096109E+00002, 0.10005689495184E+00001, 0.12519800898277E+00000, -.10673164100443E+00002, 0.22593212632058E-00002, 0.20626770872192E-00009
0.19154398843305E+00002, 0.22473896692331E-00002, 0.22447718335441E-00002, 0.23442399046919E-00001, 0.23448483234814E-00001, 0.17973990635848E+00001, 0.22473893765861E-00002, 0.22473896692331E-00002, 0.22473894534654E-00002, -.26176199212558E-00005, 0.12517354446408E+00002, 0.10005693366677E+00001, 0.12501306344250E+00000, -.10673165077098E+00002, 0.22473890839391E-00002, 0.43153548309221E-00009
0.19185239049101E+00002, 0.22355664342347E-00002, 0.22344546912233E-00002, 0.23373354629316E-00001, 0.23379415220402E-00001, 0.17879543632063E+00001, 0.22355662536650E-00002, 0.22355664342347E-00002, 0.22355662935623E-00002, -.11116023390142E-00005, 0.12644233831115E+00002, 0.10005697212897E+00001, 0.12482882847942E+00000, -.10673166048632E+00002, 0.22355660730952E-00002, 0.28134472286613E-00009
0.19216080769727E+00002, 0.22238508970986E-00002, 0.22240051407443E-00002, 0.23304620397151E-00001, 0.23310660974668E-00001, 0.17785919204872E+00001, 0.22238507739689E-00002, 0.22238508970986E-00002, 0.22238507954851E-00002, 0.15434525916278E-00006, 0.12773905257733E+00002, 0.10005701035023E+00001, 0.12464515072036E+00000, -.10673167015126E+00002, 0.22238506508392E-00002, 0.20322696679065E-00009
0.19246925319550E+00002, 0.22122429765502E-00002, 0.22138448308437E-00002, 0.23236185445596E-00001, 0.23242220293313E-00001, 0.17693100773003E+00001, 0.22122426703016E-00002, 0.22122429765502E-00002, 0.22122427539597E-00002, 0.16020768839741E-00005, 0.12912463342640E+00002, 0.10005704838394E+00001, 0.12446200342701E+00000, -.10673167976670E+00002, 0.22122423640529E-00002, 0.44518101679011E-00009
0.19277774283428E+00002, 0.22007438752368E-00002, 0.22025923805516E-00002, 0.23168056617340E-00001, 0.23174091753489E-00001, 0.17601148894991E+00001, 0.22007436763572E-00002, 0.22007438752368E-00002, 0.22007437254799E-00002, 0.18486550716519E-00005, 0.13033230912809E+00002, 0.10005708625650E+00001, 0.12427940729754E+00000, -.10673168933357E+00002, 0.22007434774775E-00002, 0.29951378426608E-00009
0.19308629312524E+00002, 0.21893566785038E-00002, 0.21886865591709E-00002, 0.23100311725252E-00001, 0.23106341667068E-00001, 0.17510133769327E+00001, 0.21893565749663E-00002, 0.21893566785038E-00002, 0.21893565934574E-00002, -.67003428648050E-00006, 0.13166913028955E+00002, 0.10005712395819E+00001, 0.12409757377497E+00000, -.10673169885283E+00002, 0.21893564714288E-00002, 0.17009285483282E-00009
0.19339490221851E+00002, 0.21780822470735E-00002, 0.21758815633469E-00002, 0.23032983463487E-00001, 0.23039002045840E-00001, 0.17420059704778E+00001, 0.21780819682120E-00002, 0.21780822470735E-00002, 0.21780820460223E-00002, -.22004826753911E-00005, 0.13272339058271E+00002, 0.10005716145900E+00001, 0.12391659416314E+00000, -.10673170832489E+00002, 0.21780816893505E-00002, 0.40210240829653E-00009
0.19370349155513E+00002, 0.21669208297465E-00002, 0.21652840415440E-00002, 0.22966013184115E-00001, 0.22972022086456E-00001, 0.17330892190384E+00001, 0.21669206351569E-00002, 0.21669208297465E-00002, 0.21669206854698E-00002, -.16366439258020E-00005, 0.13347072590682E+00002, 0.10005719874428E+00001, 0.12373631421728E+00000, -.10673171774781E+00002, 0.21669204405672E-00002, 0.28855329579179E-00009
0.19401205856700E+00002, 0.21558729334947E-00002, 0.21546971333293E-00002, 0.22899365538863E-00001, 0.22905372069213E-00001, 0.17242592464060E+00001, 0.21558728265905E-00002, 0.21558729334947E-00002, 0.21558728480226E-00002, -.11757146932241E-00005, 0.13393625320563E+00002, 0.10005723585412E+00001, 0.12355664163684E+00000, -.10673172712202E+00002, 0.21558727196863E-00002, 0.17094440958805E-00009
0.19432061667956E+00002, 0.21449407848154E-00002, 0.21451927170954E-00002, 0.22833028696665E-00001, 0.22839037800189E-00001, 0.17155178666521E+00001, 0.21449405009612E-00002, 0.21449407848154E-00002, 0.21449405815394E-00002, 0.25213555601394E-00006, 0.13434688100890E+00002, 0.10005727280360E+00001, 0.12337754711093E+00000, -.10673173644841E+00002, 0.21449402171070E-00002, 0.40655192346482E-00009
0.19462918151876E+00002, 0.21341247871524E-00002, 0.21356515761330E-00002, 0.22766979098223E-00001, 0.22772986495178E-00001, 0.17068696086764E+00001, 0.21341245791219E-00002, 0.21341247871524E-00002, 0.21341246345455E-00002, 0.15269415875776E-00005, 0.13444001517498E+00002, 0.10005730954657E+00001, 0.12319896941729E+00000, -.10673174572797E+00002, 0.21341243710914E-00002, 0.30521380850950E-00009
0.19493776942341E+00002, 0.21234246187392E-00002, 0.21234072457355E-00002, 0.22701273629642E-00001, 0.22707266159622E-00001, 0.16983166227502E+00001, 0.21234245252458E-00002, 0.21234246187392E-00002, 0.21234245427266E-00002, -.17296991100964E-00007, 0.13491573490931E+00002, 0.10005734605670E+00001, 0.12302106494321E+00000, -.10673175496166E+00002, 0.21234244317524E-00002, 0.15202512572776E-00009
0.19500000000000E+00002, 0.21212781018957E-00002, 0.21208080862332E-00002, 0.22688072307463E-00001, 0.22694060162027E-00001, 0.16966011613644E+00001, 0.21212779873589E-00002, 0.21212781018957E-00002, 0.21212780119214E-00002, -.46992568816971E-00006, 0.13499718841855E+00002, 0.10005735339331E+00001, 0.12298528992651E+00000, -.10673175681815E+00002, 0.21212778728221E-00002, 0.17994862356804E-00009
0.19524497573471E+00002, 0.21128873270208E-00002, 0.21113814799156E-00002, 0.22636257554975E-00001, 0.22642224157446E-00001, 0.16898962998165E+00001, 0.21128870708189E-00002, 0.21128873270208E-00002, 0.21128871429100E-00002, -.15056629943704E-00005, 0.13519336910125E+00002, 0.10005738220494E+00001, 0.12284477347443E+00000, -.10673176410827E+00002, 0.21128868146170E-00002, 0.36822165418980E-00009
0.19555365433684E+00002, 0.21024132748608E-00002, 0.21013792372695E-00002, 0.22571265409634E-00001, 0.22577207589803E-00001, 0.16815280357626E+00001, 0.21024130701610E-00002, 0.21024132748608E-00002, 0.21024131254902E-00002, -.10338882207048E-00005, 0.13519750569785E+00002, 0.10005741838278E+00001, 0.12266829367481E+00000, -.10673177325324E+00002, 0.21024128654613E-00002, 0.29874114733778E-00009
0.19586239726548E+00002, 0.20920515516288E-00002, 0.20915978437636E-00002, 0.22506551918356E-00001, 0.22512479792795E-00001, 0.16732481233351E+00001, 0.20920514648438E-00002, 0.20920515516288E-00002, 0.20920514812215E-00002, -.45363745793220E-00006, 0.13508865451639E+00002, 0.10005745444258E+00001, 0.12249231790431E+00000, -.10673178235499E+00002, 0.20920513780588E-00002, 0.14081454614966E-00009
0.19617119007943E+00002, 0.20818030166260E-00002, 0.20824815222042E-00002, 0.22442118315416E-00001, 0.22448036290621E-00001, 0.16650547399234E+00001, 0.20818027669265E-00002, 0.20818030166260E-00002, 0.20818028378832E-00002, 0.67868432103125E-00006, 0.13523854014622E+00002, 0.10005749033083E+00001, 0.12231685170195E+00000, -.10673179141355E+00002, 0.20818025172271E-00002, 0.35748573694608E-00009
0.19647995283332E+00002, 0.20716678608756E-00002, 0.20731340241927E-00002, 0.22377973075303E-00001, 0.22383876070269E-00001, 0.16569495604203E+00001, 0.20716676313439E-00002, 0.20716678608756E-00002, 0.20716676957189E-00002, 0.14663284737984E-00005, 0.13515557185676E+00002, 0.10005752597404E+00001, 0.12214192039127E+00000, -.10673180042709E+00002, 0.20716674018122E-00002, 0.33031349286197E-00009
0.19678869407788E+00002, 0.20616443545263E-00002, 0.20610240973910E-00002, 0.22314167645401E-00001, 0.22320050555178E-00001, 0.16489348273956E+00001, 0.20616442706587E-00002, 0.20616443545263E-00002, 0.20616442864550E-00002, -.62018906407237E-00006, 0.13494803443770E+00002, 0.10005756139997E+00001, 0.12196766687774E+00000, -.10673180939636E+00002, 0.20616441867910E-00002, 0.13614256911392E-00009
0.19709743224113E+00002, 0.20517317725137E-00002, 0.20490623703310E-00002, 0.22250744979560E-00001, 0.22256610521873E-00001, 0.16410127489745E+00001, 0.20517315517607E-00002, 0.20517317725137E-00002, 0.20517316130410E-00002, -.26692427100254E-00005, 0.13444778316134E+00002, 0.10005759669875E+00001, 0.12179421162918E+00000, -.10673181832236E+00002, 0.20517313310078E-00002, 0.31894541487773E-00009
0.19740618326685E+00002, 0.20419270079482E-00002, 0.20401996598532E-00002, 0.22187631609189E-00001, 0.22193488396802E-00001, 0.16331806169595E+00001, 0.20419267797728E-00002, 0.20419270079482E-00002, 0.20419268433683E-00002, -.17271835150636E-00005, 0.13386548811941E+00002, 0.10005763189873E+00001, 0.12162135670237E+00000, -.10673182720601E+00002, 0.20419265515975E-00002, 0.32915996122194E-00009
0.19771495959614E+00002, 0.20322259860933E-00002, 0.20319920174575E-00002, 0.22124762823742E-00001, 0.22130617032467E-00001, 0.16254301491730E+00001, 0.20322259098227E-00002, 0.20322259860933E-00002, 0.20322259227059E-00002, -.23390524841917E-00006, 0.13355691723633E+00002, 0.10005766694538E+00001, 0.12144892705370E+00000, -.10673183604810E+00002, 0.20322258335522E-00002, 0.12677476059571E-00009
0.19802377303499E+00002, 0.20226251913428E-00002, 0.20235985918503E-00002, 0.22062148703286E-00001, 0.22067996794641E-00001, 0.16177539344061E+00001, 0.20226249750589E-00002, 0.20226251913428E-00002, 0.20226250345893E-00002, 0.97355726091959E-00006, 0.13292902351965E+00002, 0.10005770177492E+00001, 0.12127695220248E+00000, -.10673184484941E+00002, 0.20226247587751E-00002, 0.31350680858952E-00009
0.19833263785895E+00002, 0.20131207490033E-00002, 0.20147867256176E-00002, 0.21999798240467E-00001, 0.22005626524739E-00001, 0.16101515098515E+00001, 0.20131205091010E-00002, 0.20131207490033E-00002, 0.20131205764834E-00002, 0.16661491342203E-00005, 0.13255537685562E+00002, 0.10005773638127E+00001, 0.12110545883779E+00000, -.10673185361078E+00002, 0.20131202691986E-00002, 0.34503988331258E-00009
0.19864157022868E+00002, 0.20037101372777E-00002, 0.20034831760118E-00002, 0.21937759864843E-00001, 0.21943551953772E-00001, 0.16026267120418E+00001, 0.20037100504321E-00002, 0.20037101372777E-00002, 0.20037100668513E-00002, -.22689083945871E-00006, 0.13224756260228E+00002, 0.10005777082902E+00001, 0.12093458249495E+00000, -.10673186233306E+00002, 0.20037099635865E-00002, 0.14085285651345E-00009
0.19895055770970E+00002, 0.19943905976268E-00002, 0.19922928860141E-00002, 0.21876078418805E-00001, 0.21881826230148E-00001, 0.15951795340826E+00001, 0.19943903992505E-00002, 0.19943905976268E-00002, 0.19943904530186E-00002, -.20975670044552E-00005, 0.13171351610670E+00002, 0.10005780517400E+00001, 0.12076444956693E+00000, -.10673187101627E+00002, 0.19943902008742E-00002, 0.28921649566604E-00009
0.19925951861187E+00002, 0.19851571878837E-00002, 0.19839717869841E-00002, 0.21814693996819E-00001, 0.21820406231246E-00001, 0.15878036139124E+00001, 0.19851569648808E-00002, 0.19851571878837E-00002, 0.19851570270426E-00002, -.11852400584194E-00005, 0.13085924338162E+00002, 0.10005783939144E+00001, 0.12059489761683E+00000, -.10673187965848E+00002, 0.19851567418780E-00002, 0.32168232745836E-00009
0.19956845856595E+00002, 0.19760032724753E-00002, 0.19760779180329E-00002, 0.21753533020828E-00001, 0.21759232977777E-00001, 0.15804888777392E+00001, 0.19760031905167E-00002, 0.19760032724753E-00002, 0.19760032057920E-00002, 0.74712240919218E-00007, 0.12976734358762E+00002, 0.10005787344275E+00001, 0.12042572543779E+00000, -.10673188826020E+00002, 0.19760031085580E-00002, 0.13336657947576E-00009
0.19987739102803E+00002, 0.19669254289729E-00002, 0.19675436626325E-00002, 0.21692610050420E-00001, 0.21698317054640E-00001, 0.15732304773580E+00001, 0.19669252468934E-00002, 0.19669254289729E-00002, 0.19669252956951E-00002, 0.61836693736119E-00006, 0.13024468398216E+00002, 0.10005790732147E+00001, 0.12025697498945E+00000, -.10673189682216E+00002, 0.19669250648139E-00002, 0.26655559845263E-00009
0.20000000000000E+00002, 0.19633405748874E-00002, 0.19641525158494E-00002, 0.21668503733866E-00001, 0.21674213926795E-00001, 0.15703634564727E+00001, 0.19633403336407E-00002, 0.19633405748874E-00002, 0.19633404022545E-00002, 0.81211359487885E-00006, 0.13039037093887E+00002, 0.10005792072113E+00001, 0.12019013751515E+00000, -.10673190020934E+00002, 0.19633400923940E-00002, 0.34526585262065E-00009
